run,horizon,MAE,null_MAE,oracle_drift_MAE,mean_pred,mean_actual,n_obs,beats_null
ablation_full_s42,1,0.014352994039654732,0.01386623177677393,0.013836405239999294,0.0013255889061838388,0.0007494936580769718,2300,False
ablation_full_s42,2,0.02093631401658058,0.020612254738807678,0.020535385236144066,0.0023901264648884535,0.00138772779610008,2300,False
ablation_full_s42,3,0.02579537406563759,0.02542862668633461,0.025290384888648987,0.003204542910680175,0.0021548259537667036,2300,False
ablation_full_s42,4,0.030030762776732445,0.029436659067869186,0.02925657480955124,0.004578742664307356,0.002847495721653104,2300,False
ablation_full_s42,5,0.033859167248010635,0.032922785729169846,0.03267541527748108,0.005811099894344807,0.0035679801367223263,2300,False
ablation_full_s42,6,0.03729330003261566,0.03617163002490997,0.0358055979013443,0.006880086846649647,0.004151492845267057,2300,False
ablation_full_s42,7,0.04043283313512802,0.039120111614465714,0.038658902049064636,0.008262327872216702,0.00470747472718358,2300,False
ablation_full_s42,8,0.04325107857584953,0.04183616489171982,0.04128556698560715,0.010024996474385262,0.005358648020774126,2300,False
ablation_full_s42,9,0.045619480311870575,0.044423654675483704,0.04373978078365326,0.011095484718680382,0.005948053207248449,2300,False
ablation_full_s42,10,0.047768961638212204,0.04693780466914177,0.04614844545722008,0.01183877233415842,0.006491753738373518,2300,False
ablation_full_s43,1,0.01420342456549406,0.01386623177677393,0.013836405239999294,0.001207355409860611,0.0007494936580769718,2300,False
ablation_full_s43,2,0.020653633400797844,0.020612254738807678,0.020535385236144066,0.002858271123841405,0.00138772779610008,2300,False
ablation_full_s43,3,0.025325436145067215,0.02542862668633461,0.025290384888648987,0.0035960073582828045,0.0021548259537667036,2300,True
ablation_full_s43,4,0.02952774055302143,0.029436659067869186,0.02925657480955124,0.005159939639270306,0.002847495721653104,2300,False
ablation_full_s43,5,0.03289208561182022,0.032922785729169846,0.03267541527748108,0.005992495454847813,0.0035679801367223263,2300,True
ablation_full_s43,6,0.03612147271633148,0.03617163002490997,0.0358055979013443,0.006777291651815176,0.004151492845267057,2300,True
ablation_full_s43,7,0.039156340062618256,0.039120111614465714,0.038658902049064636,0.00813693180680275,0.00470747472718358,2300,False
ablation_full_s43,8,0.04179275408387184,0.04183616489171982,0.04128556698560715,0.008943113498389721,0.005358648020774126,2300,True
ablation_full_s43,9,0.04429787024855614,0.044423654675483704,0.04373978078365326,0.009835083968937397,0.005948053207248449,2300,True
ablation_full_s43,10,0.04662615433335304,0.04693780466914177,0.04614844545722008,0.010235306806862354,0.006491753738373518,2300,True
ablation_full_s44,1,0.014315336011350155,0.01386623177677393,0.013836405239999294,0.002629932714626193,0.0007494936580769718,2300,False
ablation_full_s44,2,0.02080567739903927,0.020612254738807678,0.020535385236144066,0.0044499654322862625,0.00138772779610008,2300,False
ablation_full_s44,3,0.025552352890372276,0.02542862668633461,0.025290384888648987,0.005627406761050224,0.0021548259537667036,2300,False
ablation_full_s44,4,0.029641777276992798,0.029436659067869186,0.02925657480955124,0.007430242374539375,0.002847495721653104,2300,False
ablation_full_s44,5,0.033233292400836945,0.032922785729169846,0.03267541527748108,0.009140958078205585,0.0035679801367223263,2300,False
ablation_full_s44,6,0.03628980368375778,0.03617163002490997,0.0358055979013443,0.009898816235363483,0.004151492845267057,2300,False
ablation_full_s44,7,0.03919138014316559,0.039120111614465714,0.038658902049064636,0.011076069436967373,0.00470747472718358,2300,False
ablation_full_s44,8,0.04176316037774086,0.04183616489171982,0.04128556698560715,0.01252705417573452,0.005358648020774126,2300,True
ablation_full_s44,9,0.04416387155652046,0.044423654675483704,0.04373978078365326,0.013355344533920288,0.005948053207248449,2300,True
ablation_full_s44,10,0.046594757586717606,0.04693780466914177,0.04614844545722008,0.014754601754248142,0.006491753738373518,2300,True
ablation_full_s45,1,0.016286106780171394,0.01386623177677393,0.013836405239999294,-0.0006145885563455522,0.0007494936580769718,2300,False
ablation_full_s45,2,0.02243446744978428,0.020612254738807678,0.020535385236144066,0.00033079643617384136,0.00138772779610008,2300,False
ablation_full_s45,3,0.027082359418272972,0.02542862668633461,0.025290384888648987,0.0013729209313169122,0.0021548259537667036,2300,False
ablation_full_s45,4,0.03129972517490387,0.029436659067869186,0.02925657480955124,0.0027436877135187387,0.002847495721653104,2300,False
ablation_full_s45,5,0.03462343290448189,0.032922785729169846,0.03267541527748108,0.003883569035679102,0.0035679801367223263,2300,False
ablation_full_s45,6,0.037903375923633575,0.03617163002490997,0.0358055979013443,0.004693324211984873,0.004151492845267057,2300,False
ablation_full_s45,7,0.04090643674135208,0.039120111614465714,0.038658902049064636,0.005622192285954952,0.00470747472718358,2300,False
ablation_full_s45,8,0.04358157515525818,0.04183616489171982,0.04128556698560715,0.006847618613392115,0.005358648020774126,2300,False
ablation_full_s45,9,0.04603093862533569,0.044423654675483704,0.04373978078365326,0.007536586374044418,0.005948053207248449,2300,False
ablation_full_s45,10,0.04841863363981247,0.04693780466914177,0.04614844545722008,0.008405540138483047,0.006491753738373518,2300,False
ablation_full_s46,1,0.015589125454425812,0.01386623177677393,0.013836405239999294,-0.001171539188362658,0.0007494936580769718,2300,False
ablation_full_s46,2,0.022039128467440605,0.020612254738807678,0.020535385236144066,0.0005353689193725586,0.00138772779610008,2300,False
ablation_full_s46,3,0.026800869032740593,0.02542862668633461,0.025290384888648987,0.0026537964586168528,0.0021548259537667036,2300,False
ablation_full_s46,4,0.030808059498667717,0.029436659067869186,0.02925657480955124,0.004479095805436373,0.002847495721653104,2300,False
ablation_full_s46,5,0.03431539237499237,0.032922785729169846,0.03267541527748108,0.006087686400860548,0.0035679801367223263,2300,False
ablation_full_s46,6,0.03755558654665947,0.03617163002490997,0.0358055979013443,0.007627042010426521,0.004151492845267057,2300,False
ablation_full_s46,7,0.040337931364774704,0.039120111614465714,0.038658902049064636,0.008978603407740593,0.00470747472718358,2300,False
ablation_full_s46,8,0.042821355164051056,0.04183616489171982,0.04128556698560715,0.01033953670412302,0.005358648020774126,2300,False
ablation_full_s46,9,0.04506426677107811,0.044423654675483704,0.04373978078365326,0.011686358600854874,0.005948053207248449,2300,False
ablation_full_s46,10,0.047352783381938934,0.04693780466914177,0.04614844545722008,0.012570621445775032,0.006491753738373518,2300,False
ablation_no_macro_s42,1,0.014276351779699326,0.01386623177677393,0.013836405239999294,0.0004909838316962123,0.0007494936580769718,2300,False
ablation_no_macro_s42,2,0.02083641290664673,0.020612254738807678,0.020535385236144066,0.0024306192062795162,0.00138772779610008,2300,False
ablation_no_macro_s42,3,0.025547578930854797,0.02542862668633461,0.025290384888648987,0.0036756147164851427,0.0021548259537667036,2300,False
ablation_no_macro_s42,4,0.029830243438482285,0.029436659067869186,0.02925657480955124,0.00569764943793416,0.002847495721653104,2300,False
ablation_no_macro_s42,5,0.03347483277320862,0.032922785729169846,0.03267541527748108,0.006745559629052877,0.0035679801367223263,2300,False
ablation_no_macro_s42,6,0.03664252161979675,0.03617163002490997,0.0358055979013443,0.007680216338485479,0.004151492845267057,2300,False
ablation_no_macro_s42,7,0.039794281125068665,0.039120111614465714,0.038658902049064636,0.008808903396129608,0.00470747472718358,2300,False
ablation_no_macro_s42,8,0.0429079607129097,0.04183616489171982,0.04128556698560715,0.010650229640305042,0.005358648020774126,2300,False
ablation_no_macro_s42,9,0.04546099528670311,0.044423654675483704,0.04373978078365326,0.011849116533994675,0.005948053207248449,2300,False
ablation_no_macro_s42,10,0.0480610616505146,0.04693780466914177,0.04614844545722008,0.012788456864655018,0.006491753738373518,2300,False
ablation_no_macro_s43,1,0.014205748215317726,0.01386623177677393,0.013836405239999294,0.003122549969702959,0.0007494936580769718,2300,False
ablation_no_macro_s43,2,0.020652178674936295,0.020612254738807678,0.020535385236144066,0.0039733219891786575,0.00138772779610008,2300,False
ablation_no_macro_s43,3,0.02550945244729519,0.02542862668633461,0.025290384888648987,0.004902955610305071,0.0021548259537667036,2300,False
ablation_no_macro_s43,4,0.029634200036525726,0.029436659067869186,0.02925657480955124,0.006472497247159481,0.002847495721653104,2300,False
ablation_no_macro_s43,5,0.033261485397815704,0.032922785729169846,0.03267541527748108,0.007824292406439781,0.0035679801367223263,2300,False
ablation_no_macro_s43,6,0.036659594625234604,0.03617163002490997,0.0358055979013443,0.009105000644922256,0.004151492845267057,2300,False
ablation_no_macro_s43,7,0.03961062803864479,0.039120111614465714,0.038658902049064636,0.010573145933449268,0.00470747472718358,2300,False
ablation_no_macro_s43,8,0.04223065823316574,0.04183616489171982,0.04128556698560715,0.01163422130048275,0.005358648020774126,2300,False
ablation_no_macro_s43,9,0.044777773320674896,0.044423654675483704,0.04373978078365326,0.012917223386466503,0.005948053207248449,2300,False
ablation_no_macro_s43,10,0.04723615199327469,0.04693780466914177,0.04614844545722008,0.013282449916005135,0.006491753738373518,2300,False
ablation_no_macro_s44,1,0.014301522634923458,0.01386623177677393,0.013836405239999294,0.0012046343181282282,0.0007494936580769718,2300,False
ablation_no_macro_s44,2,0.021051475778222084,0.020612254738807678,0.020535385236144066,0.002182861091569066,0.00138772779610008,2300,False
ablation_no_macro_s44,3,0.02594638057053089,0.02542862668633461,0.025290384888648987,0.0033321946393698454,0.0021548259537667036,2300,False
ablation_no_macro_s44,4,0.03001968376338482,0.029436659067869186,0.02925657480955124,0.004873411729931831,0.002847495721653104,2300,False
ablation_no_macro_s44,5,0.03373038396239281,0.032922785729169846,0.03267541527748108,0.006259532645344734,0.0035679801367223263,2300,False
ablation_no_macro_s44,6,0.036800213158130646,0.03617163002490997,0.0358055979013443,0.007051331922411919,0.004151492845267057,2300,False
ablation_no_macro_s44,7,0.039718449115753174,0.039120111614465714,0.038658902049064636,0.008118593133985996,0.00470747472718358,2300,False
ablation_no_macro_s44,8,0.04241998493671417,0.04183616489171982,0.04128556698560715,0.009741881862282753,0.005358648020774126,2300,False
ablation_no_macro_s44,9,0.044768135994672775,0.044423654675483704,0.04373978078365326,0.010535943321883678,0.005948053207248449,2300,False
ablation_no_macro_s44,10,0.04718457907438278,0.04693780466914177,0.04614844545722008,0.011331145651638508,0.006491753738373518,2300,False
ablation_no_macro_s45,1,0.014455430209636688,0.01386623177677393,0.013836405239999294,0.002925297012552619,0.0007494936580769718,2300,False
ablation_no_macro_s45,2,0.020934808999300003,0.020612254738807678,0.020535385236144066,0.004200058989226818,0.00138772779610008,2300,False
ablation_no_macro_s45,3,0.026023244485259056,0.02542862668633461,0.025290384888648987,0.0053350673988461494,0.0021548259537667036,2300,False
ablation_no_macro_s45,4,0.030616195872426033,0.029436659067869186,0.02925657480955124,0.0064047821797430515,0.002847495721653104,2300,False
ablation_no_macro_s45,5,0.034016795456409454,0.032922785729169846,0.03267541527748108,0.007342628203332424,0.0035679801367223263,2300,False
ablation_no_macro_s45,6,0.03721735253930092,0.03617163002490997,0.0358055979013443,0.008074553683400154,0.004151492845267057,2300,False
ablation_no_macro_s45,7,0.040134865790605545,0.039120111614465714,0.038658902049064636,0.009015746414661407,0.00470747472718358,2300,False
ablation_no_macro_s45,8,0.04287510737776756,0.04183616489171982,0.04128556698560715,0.010153747163712978,0.005358648020774126,2300,False
ablation_no_macro_s45,9,0.045291364192962646,0.044423654675483704,0.04373978078365326,0.01116495206952095,0.005948053207248449,2300,False
ablation_no_macro_s45,10,0.047829966992139816,0.04693780466914177,0.04614844545722008,0.011808030307292938,0.006491753738373518,2300,False
ablation_no_macro_s46,1,0.014813902787864208,0.01386623177677393,0.013836405239999294,-0.00016901969502214342,0.0007494936580769718,2300,False
ablation_no_macro_s46,2,0.021411186084151268,0.020612254738807678,0.020535385236144066,0.0014040499227121472,0.00138772779610008,2300,False
ablation_no_macro_s46,3,0.026269173249602318,0.02542862668633461,0.025290384888648987,0.002959015779197216,0.0021548259537667036,2300,False
ablation_no_macro_s46,4,0.030362887308001518,0.029436659067869186,0.02925657480955124,0.0047182911075651646,0.002847495721653104,2300,False
ablation_no_macro_s46,5,0.033868350088596344,0.032922785729169846,0.03267541527748108,0.0060037886723876,0.0035679801367223263,2300,False
ablation_no_macro_s46,6,0.036876507103443146,0.03617163002490997,0.0358055979013443,0.006773708388209343,0.004151492845267057,2300,False
ablation_no_macro_s46,7,0.03975185751914978,0.039120111614465714,0.038658902049064636,0.008115443401038647,0.00470747472718358,2300,False
ablation_no_macro_s46,8,0.042368754744529724,0.04183616489171982,0.04128556698560715,0.009269828908145428,0.005358648020774126,2300,False
ablation_no_macro_s46,9,0.044730983674526215,0.044423654675483704,0.04373978078365326,0.011047382839024067,0.005948053207248449,2300,False
ablation_no_macro_s46,10,0.047136321663856506,0.04693780466914177,0.04614844545722008,0.012010302394628525,0.006491753738373518,2300,False
ablation_no_sentiment_s42,1,0.01447793748229742,0.01386623177677393,0.013836405239999294,0.0027932871598750353,0.0007494936580769718,2300,False
ablation_no_sentiment_s42,2,0.02091251127421856,0.020612254738807678,0.020535385236144066,0.0042871516197919846,0.00138772779610008,2300,False
ablation_no_sentiment_s42,3,0.02574748918414116,0.02542862668633461,0.025290384888648987,0.005609726067632437,0.0021548259537667036,2300,False
ablation_no_sentiment_s42,4,0.02986105903983116,0.029436659067869186,0.02925657480955124,0.007201929576694965,0.002847495721653104,2300,False
ablation_no_sentiment_s42,5,0.033327773213386536,0.032922785729169846,0.03267541527748108,0.007978119887411594,0.0035679801367223263,2300,False
ablation_no_sentiment_s42,6,0.0365009531378746,0.03617163002490997,0.0358055979013443,0.008404627442359924,0.004151492845267057,2300,False
ablation_no_sentiment_s42,7,0.03939387574791908,0.039120111614465714,0.038658902049064636,0.00912740919739008,0.00470747472718358,2300,False
ablation_no_sentiment_s42,8,0.042312197387218475,0.04183616489171982,0.04128556698560715,0.010201221331954002,0.005358648020774126,2300,False
ablation_no_sentiment_s42,9,0.04476127773523331,0.044423654675483704,0.04373978078365326,0.011325212195515633,0.005948053207248449,2300,False
ablation_no_sentiment_s42,10,0.04721202328801155,0.04693780466914177,0.04614844545722008,0.012500748969614506,0.006491753738373518,2300,False
ablation_no_sentiment_s43,1,0.014177164994180202,0.01386623177677393,0.013836405239999294,0.0012197750620543957,0.0007494936580769718,2300,False
ablation_no_sentiment_s43,2,0.020745914429426193,0.020612254738807678,0.020535385236144066,0.0031054578721523285,0.00138772779610008,2300,False
ablation_no_sentiment_s43,3,0.02556704543530941,0.02542862668633461,0.025290384888648987,0.0048514679074287415,0.0021548259537667036,2300,False
ablation_no_sentiment_s43,4,0.02965087629854679,0.029436659067869186,0.02925657480955124,0.006669890135526657,0.002847495721653104,2300,False
ablation_no_sentiment_s43,5,0.03303651511669159,0.032922785729169846,0.03267541527748108,0.007782415486872196,0.0035679801367223263,2300,False
ablation_no_sentiment_s43,6,0.03617521747946739,0.03617163002490997,0.0358055979013443,0.00891269650310278,0.004151492845267057,2300,False
ablation_no_sentiment_s43,7,0.03901774436235428,0.039120111614465714,0.038658902049064636,0.010086379945278168,0.00470747472718358,2300,True
ablation_no_sentiment_s43,8,0.0417172946035862,0.04183616489171982,0.04128556698560715,0.011837853118777275,0.005358648020774126,2300,True
ablation_no_sentiment_s43,9,0.04421445354819298,0.044423654675483704,0.04373978078365326,0.012802263721823692,0.005948053207248449,2300,True
ablation_no_sentiment_s43,10,0.04661555588245392,0.04693780466914177,0.04614844545722008,0.01411602646112442,0.006491753738373518,2300,True
ablation_no_sentiment_s44,1,0.014544452540576458,0.01386623177677393,0.013836405239999294,0.0022200222592800856,0.0007494936580769718,2300,False
ablation_no_sentiment_s44,2,0.021184153854846954,0.020612254738807678,0.020535385236144066,0.004531256854534149,0.00138772779610008,2300,False
ablation_no_sentiment_s44,3,0.026236852630972862,0.02542862668633461,0.025290384888648987,0.006842158734798431,0.0021548259537667036,2300,False
ablation_no_sentiment_s44,4,0.030472807586193085,0.029436659067869186,0.02925657480955124,0.009045111946761608,0.002847495721653104,2300,False
ablation_no_sentiment_s44,5,0.034031227231025696,0.032922785729169846,0.03267541527748108,0.011001442559063435,0.0035679801367223263,2300,False
ablation_no_sentiment_s44,6,0.03713954612612724,0.03617163002490997,0.0358055979013443,0.012189174070954323,0.004151492845267057,2300,False
ablation_no_sentiment_s44,7,0.040077727288007736,0.039120111614465714,0.038658902049064636,0.013658357784152031,0.00470747472718358,2300,False
ablation_no_sentiment_s44,8,0.04246921464800835,0.04183616489171982,0.04128556698560715,0.01493798941373825,0.005358648020774126,2300,False
ablation_no_sentiment_s44,9,0.044927794486284256,0.044423654675483704,0.04373978078365326,0.016447240486741066,0.005948053207248449,2300,False
ablation_no_sentiment_s44,10,0.04741106927394867,0.04693780466914177,0.04614844545722008,0.017286574468016624,0.006491753738373518,2300,False
ablation_no_sentiment_s45,1,0.015642080456018448,0.01386623177677393,0.013836405239999294,0.0032975468784570694,0.0007494936580769718,2300,False
ablation_no_sentiment_s45,2,0.02174941636621952,0.020612254738807678,0.020535385236144066,0.004587819799780846,0.00138772779610008,2300,False
ablation_no_sentiment_s45,3,0.02665330097079277,0.02542862668633461,0.025290384888648987,0.005299227312207222,0.0021548259537667036,2300,False
ablation_no_sentiment_s45,4,0.0311521515250206,0.029436659067869186,0.02925657480955124,0.005993833765387535,0.002847495721653104,2300,False
ablation_no_sentiment_s45,5,0.03516727685928345,0.032922785729169846,0.03267541527748108,0.006537970621138811,0.0035679801367223263,2300,False
ablation_no_sentiment_s45,6,0.0386904776096344,0.03617163002490997,0.0358055979013443,0.007206770125776529,0.004151492845267057,2300,False
ablation_no_sentiment_s45,7,0.041868362575769424,0.039120111614465714,0.038658902049064636,0.008138232864439487,0.00470747472718358,2300,False
ablation_no_sentiment_s45,8,0.04486745595932007,0.04183616489171982,0.04128556698560715,0.009282111190259457,0.005358648020774126,2300,False
ablation_no_sentiment_s45,9,0.04741220921278,0.044423654675483704,0.04373978078365326,0.010123792104423046,0.005948053207248449,2300,False
ablation_no_sentiment_s45,10,0.04999283328652382,0.04693780466914177,0.04614844545722008,0.011403239332139492,0.006491753738373518,2300,False
ablation_no_sentiment_s46,1,0.014166095294058323,0.01386623177677393,0.013836405239999294,0.0022412610705941916,0.0007494936580769718,2300,False
ablation_no_sentiment_s46,2,0.020671049132943153,0.020612254738807678,0.020535385236144066,0.004510647151619196,0.00138772779610008,2300,False
ablation_no_sentiment_s46,3,0.02552470751106739,0.02542862668633461,0.025290384888648987,0.006339851766824722,0.0021548259537667036,2300,False
ablation_no_sentiment_s46,4,0.02969248965382576,0.029436659067869186,0.02925657480955124,0.008032518438994884,0.002847495721653104,2300,False
ablation_no_sentiment_s46,5,0.03341670334339142,0.032922785729169846,0.03267541527748108,0.010253801941871643,0.0035679801367223263,2300,False
ablation_no_sentiment_s46,6,0.036746323108673096,0.03617163002490997,0.0358055979013443,0.011401922442018986,0.004151492845267057,2300,False
ablation_no_sentiment_s46,7,0.03984122350811958,0.039120111614465714,0.038658902049064636,0.012511029839515686,0.00470747472718358,2300,False
ablation_no_sentiment_s46,8,0.04254913702607155,0.04183616489171982,0.04128556698560715,0.013656706549227238,0.005358648020774126,2300,False
ablation_no_sentiment_s46,9,0.04502830281853676,0.044423654675483704,0.04373978078365326,0.014902050606906414,0.005948053207248449,2300,False
ablation_no_sentiment_s46,10,0.047462787479162216,0.04693780466914177,0.04614844545722008,0.015752963721752167,0.006491753738373518,2300,False
ablation_numerical_only_s42,1,0.01425663847476244,0.01386623177677393,0.013836405239999294,0.0019121849909424782,0.0007494936580769718,2300,False
ablation_numerical_only_s42,2,0.020772017538547516,0.020612254738807678,0.020535385236144066,0.003996116574853659,0.00138772779610008,2300,False
ablation_numerical_only_s42,3,0.0254024937748909,0.02542862668633461,0.025290384888648987,0.005580198485404253,0.0021548259537667036,2300,True
ablation_numerical_only_s42,4,0.029398180544376373,0.029436659067869186,0.02925657480955124,0.0070608388632535934,0.002847495721653104,2300,True
ablation_numerical_only_s42,5,0.0328122079372406,0.032922785729169846,0.03267541527748108,0.008388328365981579,0.0035679801367223263,2300,True
ablation_numerical_only_s42,6,0.035953231155872345,0.03617163002490997,0.0358055979013443,0.009549122303724289,0.004151492845267057,2300,True
ablation_numerical_only_s42,7,0.03877320513129234,0.039120111614465714,0.038658902049064636,0.01030824426561594,0.00470747472718358,2300,True
ablation_numerical_only_s42,8,0.04131171852350235,0.04183616489171982,0.04128556698560715,0.011839660815894604,0.005358648020774126,2300,True
ablation_numerical_only_s42,9,0.04382620006799698,0.044423654675483704,0.04373978078365326,0.012791120447218418,0.005948053207248449,2300,True
ablation_numerical_only_s42,10,0.04622019827365875,0.04693780466914177,0.04614844545722008,0.013988146558403969,0.006491753738373518,2300,True
ablation_numerical_only_s43,1,0.018242796882987022,0.01386623177677393,0.013836405239999294,-0.0058471402153372765,0.0007494936580769718,2300,False
ablation_numerical_only_s43,2,0.02431127429008484,0.020612254738807678,0.020535385236144066,-0.005059320945292711,0.00138772779610008,2300,False
ablation_numerical_only_s43,3,0.02921082265675068,0.02542862668633461,0.025290384888648987,-0.00463546859100461,0.0021548259537667036,2300,False
ablation_numerical_only_s43,4,0.03326692432165146,0.029436659067869186,0.02925657480955124,-0.0038652934599667788,0.002847495721653104,2300,False
ablation_numerical_only_s43,5,0.03667045012116432,0.032922785729169846,0.03267541527748108,-0.003265546401962638,0.0035679801367223263,2300,False
ablation_numerical_only_s43,6,0.0398508682847023,0.03617163002490997,0.0358055979013443,-0.0025625950656831264,0.004151492845267057,2300,False
ablation_numerical_only_s43,7,0.042816877365112305,0.039120111614465714,0.038658902049064636,-0.001788496389053762,0.00470747472718358,2300,False
ablation_numerical_only_s43,8,0.0453256294131279,0.04183616489171982,0.04128556698560715,-0.0009608526015654206,0.005358648020774126,2300,False
ablation_numerical_only_s43,9,0.04783099144697189,0.044423654675483704,0.04373978078365326,-0.00041479337960481644,0.005948053207248449,2300,False
ablation_numerical_only_s43,10,0.050247956067323685,0.04693780466914177,0.04614844545722008,0.0003767886373680085,0.006491753738373518,2300,False
ablation_numerical_only_s44,1,0.014875601045787334,0.01386623177677393,0.013836405239999294,0.000475061300676316,0.0007494936580769718,2300,False
ablation_numerical_only_s44,2,0.021537449210882187,0.020612254738807678,0.020535385236144066,0.0018529481021687388,0.00138772779610008,2300,False
ablation_numerical_only_s44,3,0.026244977489113808,0.02542862668633461,0.025290384888648987,0.002956493990495801,0.0021548259537667036,2300,False
ablation_numerical_only_s44,4,0.03029041364789009,0.029436659067869186,0.02925657480955124,0.00430374126881361,0.002847495721653104,2300,False
ablation_numerical_only_s44,5,0.0337991900742054,0.032922785729169846,0.03267541527748108,0.0054603335447609425,0.0035679801367223263,2300,False
ablation_numerical_only_s44,6,0.036993253976106644,0.03617163002490997,0.0358055979013443,0.006280445493757725,0.004151492845267057,2300,False
ablation_numerical_only_s44,7,0.039855826646089554,0.039120111614465714,0.038658902049064636,0.007110262289643288,0.00470747472718358,2300,False
ablation_numerical_only_s44,8,0.042339105159044266,0.04183616489171982,0.04128556698560715,0.008251354098320007,0.005358648020774126,2300,False
ablation_numerical_only_s44,9,0.04477321356534958,0.044423654675483704,0.04373978078365326,0.009500160813331604,0.005948053207248449,2300,False
ablation_numerical_only_s44,10,0.04727950692176819,0.04693780466914177,0.04614844545722008,0.010492580011487007,0.006491753738373518,2300,False
ablation_numerical_only_s45,1,0.014156579971313477,0.01386623177677393,0.013836405239999294,0.0010228664614260197,0.0007494936580769718,2300,False
ablation_numerical_only_s45,2,0.02071840688586235,0.020612254738807678,0.020535385236144066,0.002422311110422015,0.00138772779610008,2300,False
ablation_numerical_only_s45,3,0.025455500930547714,0.02542862668633461,0.025290384888648987,0.0030415598303079605,0.0021548259537667036,2300,False
ablation_numerical_only_s45,4,0.029459891840815544,0.029436659067869186,0.02925657480955124,0.003949480131268501,0.002847495721653104,2300,False
ablation_numerical_only_s45,5,0.03304241597652435,0.032922785729169846,0.03267541527748108,0.004631118383258581,0.0035679801367223263,2300,False
ablation_numerical_only_s45,6,0.03635014221072197,0.03617163002490997,0.0358055979013443,0.005364894866943359,0.004151492845267057,2300,False
ablation_numerical_only_s45,7,0.039550766348838806,0.039120111614465714,0.038658902049064636,0.006620719097554684,0.00470747472718358,2300,False
ablation_numerical_only_s45,8,0.042089883238077164,0.04183616489171982,0.04128556698560715,0.008110514841973782,0.005358648020774126,2300,False
ablation_numerical_only_s45,9,0.04459264501929283,0.044423654675483704,0.04373978078365326,0.009122949093580246,0.005948053207248449,2300,False
ablation_numerical_only_s45,10,0.046886809170246124,0.04693780466914177,0.04614844545722008,0.009640726260840893,0.006491753738373518,2300,True
ablation_numerical_only_s46,1,0.01458711363375187,0.01386623177677393,0.013836405239999294,0.0012183318613097072,0.0007494936580769718,2300,False
ablation_numerical_only_s46,2,0.020872576162219048,0.020612254738807678,0.020535385236144066,0.003117079846560955,0.00138772779610008,2300,False
ablation_numerical_only_s46,3,0.02569790557026863,0.02542862668633461,0.025290384888648987,0.004490382503718138,0.0021548259537667036,2300,False
ablation_numerical_only_s46,4,0.029762009158730507,0.029436659067869186,0.02925657480955124,0.005854364950209856,0.002847495721653104,2300,False
ablation_numerical_only_s46,5,0.033201590180397034,0.032922785729169846,0.03267541527748108,0.007043855264782906,0.0035679801367223263,2300,False
ablation_numerical_only_s46,6,0.03631084784865379,0.03617163002490997,0.0358055979013443,0.008032264187932014,0.004151492845267057,2300,False
ablation_numerical_only_s46,7,0.039237506687641144,0.039120111614465714,0.038658902049064636,0.009269044734537601,0.00470747472718358,2300,False
ablation_numerical_only_s46,8,0.04180443286895752,0.04183616489171982,0.04128556698560715,0.010709733702242374,0.005358648020774126,2300,True
ablation_numerical_only_s46,9,0.04412233456969261,0.044423654675483704,0.04373978078365326,0.011359955184161663,0.005948053207248449,2300,True
ablation_numerical_only_s46,10,0.04640644043684006,0.04693780466914177,0.04614844545722008,0.012046542018651962,0.006491753738373518,2300,True
ablation_perm_macro_s42,1,0.014139245264232159,0.01386623177677393,0.013836405239999294,0.001504019252024591,0.0007494936580769718,2300,False
ablation_perm_macro_s42,2,0.020644988864660263,0.020612254738807678,0.020535385236144066,0.003147260518744588,0.00138772779610008,2300,False
ablation_perm_macro_s42,3,0.025403715670108795,0.02542862668633461,0.025290384888648987,0.00432249391451478,0.0021548259537667036,2300,True
ablation_perm_macro_s42,4,0.02943902648985386,0.029436659067869186,0.02925657480955124,0.005744133610278368,0.002847495721653104,2300,False
ablation_perm_macro_s42,5,0.03285245597362518,0.032922785729169846,0.03267541527748108,0.006950490176677704,0.0035679801367223263,2300,True
ablation_perm_macro_s42,6,0.03597090765833855,0.03617163002490997,0.0358055979013443,0.007564024534076452,0.004151492845267057,2300,True
ablation_perm_macro_s42,7,0.038850534707307816,0.039120111614465714,0.038658902049064636,0.008767085149884224,0.00470747472718358,2300,True
ablation_perm_macro_s42,8,0.041404686868190765,0.04183616489171982,0.04128556698560715,0.00986134447157383,0.005358648020774126,2300,True
ablation_perm_macro_s42,9,0.04388464242219925,0.044423654675483704,0.04373978078365326,0.011206365190446377,0.005948053207248449,2300,True
ablation_perm_macro_s42,10,0.04626945033669472,0.04693780466914177,0.04614844545722008,0.011984813958406448,0.006491753738373518,2300,True
ablation_perm_macro_s43,1,0.018448160961270332,0.01386623177677393,0.013836405239999294,-0.002919246908277273,0.0007494936580769718,2300,False
ablation_perm_macro_s43,2,0.024661105126142502,0.020612254738807678,0.020535385236144066,-0.002342597348615527,0.00138772779610008,2300,False
ablation_perm_macro_s43,3,0.02933095581829548,0.02542862668633461,0.025290384888648987,-0.0016000507166609168,0.0021548259537667036,2300,False
ablation_perm_macro_s43,4,0.03343459218740463,0.029436659067869186,0.02925657480955124,-0.0008994073723442852,0.002847495721653104,2300,False
ablation_perm_macro_s43,5,0.036962807178497314,0.032922785729169846,0.03267541527748108,-0.0005580058204941452,0.0035679801367223263,2300,False
ablation_perm_macro_s43,6,0.04027109593153,0.03617163002490997,0.0358055979013443,-0.00010529746214160696,0.004151492845267057,2300,False
ablation_perm_macro_s43,7,0.04371606931090355,0.039120111614465714,0.038658902049064636,-0.00012507977953646332,0.00470747472718358,2300,False
ablation_perm_macro_s43,8,0.047287244349718094,0.04183616489171982,0.04128556698560715,-0.0008663206244818866,0.005358648020774126,2300,False
ablation_perm_macro_s43,9,0.049836866557598114,0.044423654675483704,0.04373978078365326,0.00022762174194213003,0.005948053207248449,2300,False
ablation_perm_macro_s43,10,0.05229932442307472,0.04693780466914177,0.04614844545722008,0.0004945655236952007,0.006491753738373518,2300,False
ablation_perm_macro_s44,1,0.01435956358909607,0.01386623177677393,0.013836405239999294,0.0027510866057127714,0.0007494936580769718,2300,False
ablation_perm_macro_s44,2,0.02084277756512165,0.020612254738807678,0.020535385236144066,0.004544208291918039,0.00138772779610008,2300,False
ablation_perm_macro_s44,3,0.025570008903741837,0.02542862668633461,0.025290384888648987,0.005946387071162462,0.0021548259537667036,2300,False
ablation_perm_macro_s44,4,0.029568806290626526,0.029436659067869186,0.02925657480955124,0.007821197621524334,0.002847495721653104,2300,False
ablation_perm_macro_s44,5,0.03296063467860222,0.032922785729169846,0.03267541527748108,0.009278099983930588,0.0035679801367223263,2300,False
ablation_perm_macro_s44,6,0.03604033589363098,0.03617163002490997,0.0358055979013443,0.010381634347140789,0.004151492845267057,2300,True
ablation_perm_macro_s44,7,0.03883111849427223,0.039120111614465714,0.038658902049064636,0.011791717261075974,0.00470747472718358,2300,True
ablation_perm_macro_s44,8,0.04138286039233208,0.04183616489171982,0.04128556698560715,0.013505833223462105,0.005358648020774126,2300,True
ablation_perm_macro_s44,9,0.04375544562935829,0.044423654675483704,0.04373978078365326,0.014530831947922707,0.005948053207248449,2300,True
ablation_perm_macro_s44,10,0.04615454375743866,0.04693780466914177,0.04614844545722008,0.015490314923226833,0.006491753738373518,2300,True
ablation_perm_macro_s45,1,0.014162554405629635,0.01386623177677393,0.013836405239999294,0.000554522848688066,0.0007494936580769718,2300,False
ablation_perm_macro_s45,2,0.020852036774158478,0.020612254738807678,0.020535385236144066,0.0018158325692638755,0.00138772779610008,2300,False
ablation_perm_macro_s45,3,0.02598566934466362,0.02542862668633461,0.025290384888648987,0.002540410030633211,0.0021548259537667036,2300,False
ablation_perm_macro_s45,4,0.030153630301356316,0.029436659067869186,0.02925657480955124,0.004391096998006105,0.002847495721653104,2300,False
ablation_perm_macro_s45,5,0.03379242122173309,0.032922785729169846,0.03267541527748108,0.00456666573882103,0.0035679801367223263,2300,False
ablation_perm_macro_s45,6,0.03722990304231644,0.03617163002490997,0.0358055979013443,0.00454243877902627,0.004151492845267057,2300,False
ablation_perm_macro_s45,7,0.04027735814452171,0.039120111614465714,0.038658902049064636,0.005400416441261768,0.00470747472718358,2300,False
ablation_perm_macro_s45,8,0.04307152330875397,0.04183616489171982,0.04128556698560715,0.00601443974301219,0.005358648020774126,2300,False
ablation_perm_macro_s45,9,0.04551319032907486,0.044423654675483704,0.04373978078365326,0.007322248537093401,0.005948053207248449,2300,False
ablation_perm_macro_s45,10,0.04794164374470711,0.04693780466914177,0.04614844545722008,0.008277200162410736,0.006491753738373518,2300,False
ablation_perm_macro_s46,1,0.014048480428755283,0.01386623177677393,0.013836405239999294,0.000997836934402585,0.0007494936580769718,2300,False
ablation_perm_macro_s46,2,0.020627737045288086,0.020612254738807678,0.020535385236144066,0.0025182401295751333,0.00138772779610008,2300,False
ablation_perm_macro_s46,3,0.02553991973400116,0.02542862668633461,0.025290384888648987,0.0038998471572995186,0.0021548259537667036,2300,False
ablation_perm_macro_s46,4,0.029544511809945107,0.029436659067869186,0.02925657480955124,0.005227634683251381,0.002847495721653104,2300,False
ablation_perm_macro_s46,5,0.033062782138586044,0.032922785729169846,0.03267541527748108,0.006597447209060192,0.0035679801367223263,2300,False
ablation_perm_macro_s46,6,0.03623175993561745,0.03617163002490997,0.0358055979013443,0.007737116422504187,0.004151492845267057,2300,False
ablation_perm_macro_s46,7,0.03909334912896156,0.039120111614465714,0.038658902049064636,0.009073860943317413,0.00470747472718358,2300,True
ablation_perm_macro_s46,8,0.04160290211439133,0.04183616489171982,0.04128556698560715,0.010592160746455193,0.005358648020774126,2300,True
ablation_perm_macro_s46,9,0.04399559274315834,0.044423654675483704,0.04373978078365326,0.012072356417775154,0.005948053207248449,2300,True
ablation_perm_macro_s46,10,0.04636281728744507,0.04693780466914177,0.04614844545722008,0.013017215766012669,0.006491753738373518,2300,True
ablation_perm_sentiment_s42,1,0.014378446154296398,0.01386623177677393,0.013836405239999294,0.0020645009353756905,0.0007494936580769718,2300,False
ablation_perm_sentiment_s42,2,0.020894834771752357,0.020612254738807678,0.020535385236144066,0.004085948690772057,0.00138772779610008,2300,False
ablation_perm_sentiment_s42,3,0.02603716403245926,0.02542862668633461,0.025290384888648987,0.005750655196607113,0.0021548259537667036,2300,False
ablation_perm_sentiment_s42,4,0.03041994757950306,0.029436659067869186,0.02925657480955124,0.0076814079657197,0.002847495721653104,2300,False
ablation_perm_sentiment_s42,5,0.03403525426983833,0.032922785729169846,0.03267541527748108,0.00901003461331129,0.0035679801367223263,2300,False
ablation_perm_sentiment_s42,6,0.03754670172929764,0.03617163002490997,0.0358055979013443,0.010062332265079021,0.004151492845267057,2300,False
ablation_perm_sentiment_s42,7,0.0409737192094326,0.039120111614465714,0.038658902049064636,0.011133328080177307,0.00470747472718358,2300,False
ablation_perm_sentiment_s42,8,0.043927453458309174,0.04183616489171982,0.04128556698560715,0.01260972861200571,0.005358648020774126,2300,False
ablation_perm_sentiment_s42,9,0.046816639602184296,0.044423654675483704,0.04373978078365326,0.014472700655460358,0.005948053207248449,2300,False
ablation_perm_sentiment_s42,10,0.049120981246232986,0.04693780466914177,0.04614844545722008,0.015135134570300579,0.006491753738373518,2300,False
ablation_perm_sentiment_s43,1,0.01407599076628685,0.01386623177677393,0.013836405239999294,0.0013611529720947146,0.0007494936580769718,2300,False
ablation_perm_sentiment_s43,2,0.020705396309494972,0.020612254738807678,0.020535385236144066,0.003023790195584297,0.00138772779610008,2300,False
ablation_perm_sentiment_s43,3,0.025668734684586525,0.02542862668633461,0.025290384888648987,0.00461070891469717,0.0021548259537667036,2300,False
ablation_perm_sentiment_s43,4,0.029873298481106758,0.029436659067869186,0.02925657480955124,0.006210607476532459,0.002847495721653104,2300,False
ablation_perm_sentiment_s43,5,0.0337565615773201,0.032922785729169846,0.03267541527748108,0.008126692846417427,0.0035679801367223263,2300,False
ablation_perm_sentiment_s43,6,0.03708624094724655,0.03617163002490997,0.0358055979013443,0.009127328172326088,0.004151492845267057,2300,False
ablation_perm_sentiment_s43,7,0.04022156819701195,0.039120111614465714,0.038658902049064636,0.010803786106407642,0.00470747472718358,2300,False
ablation_perm_sentiment_s43,8,0.04293999448418617,0.04183616489171982,0.04128556698560715,0.012090067379176617,0.005358648020774126,2300,False
ablation_perm_sentiment_s43,9,0.045354925096035004,0.044423654675483704,0.04373978078365326,0.0128968246281147,0.005948053207248449,2300,False
ablation_perm_sentiment_s43,10,0.047721028327941895,0.04693780466914177,0.04614844545722008,0.014350660145282745,0.006491753738373518,2300,False
ablation_perm_sentiment_s44,1,0.014409099705517292,0.01386623177677393,0.013836405239999294,0.0042985412292182446,0.0007494936580769718,2300,False
ablation_perm_sentiment_s44,2,0.020937955006957054,0.020612254738807678,0.020535385236144066,0.005699333734810352,0.00138772779610008,2300,False
ablation_perm_sentiment_s44,3,0.025823775678873062,0.02542862668633461,0.025290384888648987,0.00663070660084486,0.0021548259537667036,2300,False
ablation_perm_sentiment_s44,4,0.029970454052090645,0.029436659067869186,0.02925657480955124,0.008108433336019516,0.002847495721653104,2300,False
ablation_perm_sentiment_s44,5,0.03357970714569092,0.032922785729169846,0.03267541527748108,0.009450935758650303,0.0035679801367223263,2300,False
ablation_perm_sentiment_s44,6,0.03671813756227493,0.03617163002490997,0.0358055979013443,0.01005704514682293,0.004151492845267057,2300,False
ablation_perm_sentiment_s44,7,0.039650607854127884,0.039120111614465714,0.038658902049064636,0.011171459220349789,0.00470747472718358,2300,False
ablation_perm_sentiment_s44,8,0.04222259670495987,0.04183616489171982,0.04128556698560715,0.012686547823250294,0.005358648020774126,2300,False
ablation_perm_sentiment_s44,9,0.04458428546786308,0.044423654675483704,0.04373978078365326,0.013341243378818035,0.005948053207248449,2300,False
ablation_perm_sentiment_s44,10,0.04705706238746643,0.04693780466914177,0.04614844545722008,0.01457169558852911,0.006491753738373518,2300,False
ablation_perm_sentiment_s45,1,0.014327223412692547,0.01386623177677393,0.013836405239999294,0.0036473076324909925,0.0007494936580769718,2300,False
ablation_perm_sentiment_s45,2,0.020939365029335022,0.020612254738807678,0.020535385236144066,0.005556653719395399,0.00138772779610008,2300,False
ablation_perm_sentiment_s45,3,0.026083320379257202,0.02542862668633461,0.025290384888648987,0.007390595972537994,0.0021548259537667036,2300,False
ablation_perm_sentiment_s45,4,0.03050265461206436,0.029436659067869186,0.02925657480955124,0.009464705362915993,0.002847495721653104,2300,False
ablation_perm_sentiment_s45,5,0.03414743021130562,0.032922785729169846,0.03267541527748108,0.010748584754765034,0.0035679801367223263,2300,False
ablation_perm_sentiment_s45,6,0.037414006888866425,0.03617163002490997,0.0358055979013443,0.011666176840662956,0.004151492845267057,2300,False
ablation_perm_sentiment_s45,7,0.04052623361349106,0.039120111614465714,0.038658902049064636,0.013543596491217613,0.00470747472718358,2300,False
ablation_perm_sentiment_s45,8,0.04310006648302078,0.04183616489171982,0.04128556698560715,0.014754783362150192,0.005358648020774126,2300,False
ablation_perm_sentiment_s45,9,0.04553084075450897,0.044423654675483704,0.04373978078365326,0.016312740743160248,0.005948053207248449,2300,False
ablation_perm_sentiment_s45,10,0.047897566109895706,0.04693780466914177,0.04614844545722008,0.017202822491526604,0.006491753738373518,2300,False
ablation_perm_sentiment_s46,1,0.015773124992847443,0.01386623177677393,0.013836405239999294,-0.0011370670981705189,0.0007494936580769718,2300,False
ablation_perm_sentiment_s46,2,0.022233061492443085,0.020612254738807678,0.020535385236144066,-1.8902965166489594e-05,0.00138772779610008,2300,False
ablation_perm_sentiment_s46,3,0.026949161663651466,0.02542862668633461,0.025290384888648987,0.0018638547044247389,0.0021548259537667036,2300,False
ablation_perm_sentiment_s46,4,0.030998289585113525,0.029436659067869186,0.02925657480955124,0.0036867705639451742,0.002847495721653104,2300,False
ablation_perm_sentiment_s46,5,0.03455577790737152,0.032922785729169846,0.03267541527748108,0.00513710780069232,0.0035679801367223263,2300,False
ablation_perm_sentiment_s46,6,0.037769146263599396,0.03617163002490997,0.0358055979013443,0.00628655543550849,0.004151492845267057,2300,False
ablation_perm_sentiment_s46,7,0.04066038131713867,0.039120111614465714,0.038658902049064636,0.007825902663171291,0.00470747472718358,2300,False
ablation_perm_sentiment_s46,8,0.04327305406332016,0.04183616489171982,0.04128556698560715,0.008692280389368534,0.005358648020774126,2300,False
ablation_perm_sentiment_s46,9,0.045651212334632874,0.044423654675483704,0.04373978078365326,0.010080988518893719,0.005948053207248449,2300,False
ablation_perm_sentiment_s46,10,0.04812033101916313,0.04693780466914177,0.04614844545722008,0.010627975687384605,0.006491753738373518,2300,False
ablation_point_only_s42,1,0.015373801812529564,0.01386623177677393,0.013836405239999294,8.443272963631898e-05,0.0007494936580769718,2300,False
ablation_point_only_s42,2,0.021760541945695877,0.020612254738807678,0.020535385236144066,0.0005464385612867773,0.00138772779610008,2300,False
ablation_point_only_s42,3,0.02661336399614811,0.02542862668633461,0.025290384888648987,-0.00014921167166903615,0.0021548259537667036,2300,False
ablation_point_only_s42,4,0.030931586399674416,0.029436659067869186,0.02925657480955124,8.782656368566677e-05,0.002847495721653104,2300,False
ablation_point_only_s42,5,0.034664466977119446,0.032922785729169846,0.03267541527748108,0.00018217148317489773,0.0035679801367223263,2300,False
ablation_point_only_s42,6,0.03782987594604492,0.03617163002490997,0.0358055979013443,0.0010307979537174106,0.004151492845267057,2300,False
ablation_point_only_s42,7,0.040801696479320526,0.039120111614465714,0.038658902049064636,0.0018867463804781437,0.00470747472718358,2300,False
ablation_point_only_s42,8,0.043552249670028687,0.04183616489171982,0.04128556698560715,0.0035268436186015606,0.005358648020774126,2300,False
ablation_point_only_s42,9,0.04592842608690262,0.044423654675483704,0.04373978078365326,0.003564434824511409,0.005948053207248449,2300,False
ablation_point_only_s42,10,0.048177219927310944,0.04693780466914177,0.04614844545722008,0.004720641765743494,0.006491753738373518,2300,False
ablation_point_only_s43,1,0.014365565963089466,0.01386623177677393,0.013836405239999294,0.0018115139100700617,0.0007494936580769718,2300,False
ablation_point_only_s43,2,0.02078317292034626,0.020612254738807678,0.020535385236144066,0.0029063744004815817,0.00138772779610008,2300,False
ablation_point_only_s43,3,0.02593306079506874,0.02542862668633461,0.025290384888648987,0.004189478233456612,0.0021548259537667036,2300,False
ablation_point_only_s43,4,0.030683984979987144,0.029436659067869186,0.02925657480955124,0.004444492515176535,0.002847495721653104,2300,False
ablation_point_only_s43,5,0.0346917062997818,0.032922785729169846,0.03267541527748108,0.004881102126091719,0.0035679801367223263,2300,False
ablation_point_only_s43,6,0.03855796530842781,0.03617163002490997,0.0358055979013443,0.0047501008957624435,0.004151492845267057,2300,False
ablation_point_only_s43,7,0.041483864188194275,0.039120111614465714,0.038658902049064636,0.005619285628199577,0.00470747472718358,2300,False
ablation_point_only_s43,8,0.04404708743095398,0.04183616489171982,0.04128556698560715,0.005856184754520655,0.005358648020774126,2300,False
ablation_point_only_s43,9,0.04611920192837715,0.044423654675483704,0.04373978078365326,0.006600193679332733,0.005948053207248449,2300,False
ablation_point_only_s43,10,0.0482536181807518,0.04693780466914177,0.04614844545722008,0.007532468065619469,0.006491753738373518,2300,False
ablation_point_only_s44,1,0.014577925205230713,0.01386623177677393,0.013836405239999294,0.0033033585641533136,0.0007494936580769718,2300,False
ablation_point_only_s44,2,0.020832674577832222,0.020612254738807678,0.020535385236144066,0.003700929693877697,0.00138772779610008,2300,False
ablation_point_only_s44,3,0.025642137974500656,0.02542862668633461,0.025290384888648987,0.003853212809190154,0.0021548259537667036,2300,False
ablation_point_only_s44,4,0.02974705584347248,0.029436659067869186,0.02925657480955124,0.004841098096221685,0.002847495721653104,2300,False
ablation_point_only_s44,5,0.0337601900100708,0.032922785729169846,0.03267541527748108,0.004937207791954279,0.0035679801367223263,2300,False
ablation_point_only_s44,6,0.03713018447160721,0.03617163002490997,0.0358055979013443,0.00622622761875391,0.004151492845267057,2300,False
ablation_point_only_s44,7,0.03988729044795036,0.039120111614465714,0.038658902049064636,0.00706062326207757,0.00470747472718358,2300,False
ablation_point_only_s44,8,0.042644716799259186,0.04183616489171982,0.04128556698560715,0.008592015132308006,0.005358648020774126,2300,False
ablation_point_only_s44,9,0.044995907694101334,0.044423654675483704,0.04373978078365326,0.009702111594378948,0.005948053207248449,2300,False
ablation_point_only_s44,10,0.04730711504817009,0.04693780466914177,0.04614844545722008,0.010755335912108421,0.006491753738373518,2300,False
ablation_point_only_s45,1,0.014278904534876347,0.01386623177677393,0.013836405239999294,0.002110307337716222,0.0007494936580769718,2300,False
ablation_point_only_s45,2,0.020820489153265953,0.020612254738807678,0.020535385236144066,0.002847380004823208,0.00138772779610008,2300,False
ablation_point_only_s45,3,0.02570566162467003,0.02542862668633461,0.025290384888648987,0.0036877645179629326,0.0021548259537667036,2300,False
ablation_point_only_s45,4,0.030039142817258835,0.029436659067869186,0.02925657480955124,0.005561020690947771,0.002847495721653104,2300,False
ablation_point_only_s45,5,0.0335947647690773,0.032922785729169846,0.03267541527748108,0.006592624820768833,0.0035679801367223263,2300,False
ablation_point_only_s45,6,0.036797042936086655,0.03617163002490997,0.0358055979013443,0.0074438536539673805,0.004151492845267057,2300,False
ablation_point_only_s45,7,0.039695076644420624,0.039120111614465714,0.038658902049064636,0.008728904649615288,0.00470747472718358,2300,False
ablation_point_only_s45,8,0.04260794073343277,0.04183616489171982,0.04128556698560715,0.009860184043645859,0.005358648020774126,2300,False
ablation_point_only_s45,9,0.045124929398298264,0.044423654675483704,0.04373978078365326,0.010560321621596813,0.005948053207248449,2300,False
ablation_point_only_s45,10,0.047589875757694244,0.04693780466914177,0.04614844545722008,0.010776050388813019,0.006491753738373518,2300,False
ablation_point_only_s46,1,0.01488370168954134,0.01386623177677393,0.013836405239999294,0.004977574106305838,0.0007494936580769718,2300,False
ablation_point_only_s46,2,0.02111700363457203,0.020612254738807678,0.020535385236144066,0.006562101189047098,0.00138772779610008,2300,False
ablation_point_only_s46,3,0.025955893099308014,0.02542862668633461,0.025290384888648987,0.007705849129706621,0.0021548259537667036,2300,False
ablation_point_only_s46,4,0.029778750613331795,0.029436659067869186,0.02925657480955124,0.007593309041112661,0.002847495721653104,2300,False
ablation_point_only_s46,5,0.03325233981013298,0.032922785729169846,0.03267541527748108,0.009316673502326012,0.0035679801367223263,2300,False
ablation_point_only_s46,6,0.036517973989248276,0.03617163002490997,0.0358055979013443,0.010403718799352646,0.004151492845267057,2300,False
ablation_point_only_s46,7,0.03941985219717026,0.039120111614465714,0.038658902049064636,0.011152573861181736,0.00470747472718358,2300,False
ablation_point_only_s46,8,0.04193988814949989,0.04183616489171982,0.04128556698560715,0.01205512136220932,0.005358648020774126,2300,False
ablation_point_only_s46,9,0.044423311948776245,0.044423654675483704,0.04373978078365326,0.012845508754253387,0.005948053207248449,2300,True
ablation_point_only_s46,10,0.04663335531949997,0.04693780466914177,0.04614844545722008,0.013864521868526936,0.006491753738373518,2300,True
ablation_static_fusion_s42,1,0.014538358896970749,0.01386623177677393,0.013836405239999294,0.0018272445304319263,0.0007494936580769718,2300,False
ablation_static_fusion_s42,2,0.02108852192759514,0.020612254738807678,0.020535385236144066,0.003874249756336212,0.00138772779610008,2300,False
ablation_static_fusion_s42,3,0.025784585624933243,0.02542862668633461,0.025290384888648987,0.004707161337137222,0.0021548259537667036,2300,False
ablation_static_fusion_s42,4,0.029819857329130173,0.029436659067869186,0.02925657480955124,0.006313218269497156,0.002847495721653104,2300,False
ablation_static_fusion_s42,5,0.033152274787425995,0.032922785729169846,0.03267541527748108,0.007104168646037579,0.0035679801367223263,2300,False
ablation_static_fusion_s42,6,0.03622287139296532,0.03617163002490997,0.0358055979013443,0.00785093568265438,0.004151492845267057,2300,False
ablation_static_fusion_s42,7,0.03896321356296539,0.039120111614465714,0.038658902049064636,0.00922114122658968,0.00470747472718358,2300,True
ablation_static_fusion_s42,8,0.04140331223607063,0.04183616489171982,0.04128556698560715,0.010474110022187233,0.005358648020774126,2300,True
ablation_static_fusion_s42,9,0.04380467161536217,0.044423654675483704,0.04373978078365326,0.011339301243424416,0.005948053207248449,2300,True
ablation_static_fusion_s42,10,0.04605645313858986,0.04693780466914177,0.04614844545722008,0.0121360644698143,0.006491753738373518,2300,True
ablation_static_fusion_s43,1,0.01476683933287859,0.01386623177677393,0.013836405239999294,0.001463210443034768,0.0007494936580769718,2300,False
ablation_static_fusion_s43,2,0.02099226973950863,0.020612254738807678,0.020535385236144066,0.0028281959239393473,0.00138772779610008,2300,False
ablation_static_fusion_s43,3,0.025667613372206688,0.02542862668633461,0.025290384888648987,0.004596084821969271,0.0021548259537667036,2300,False
ablation_static_fusion_s43,4,0.02979283779859543,0.029436659067869186,0.02925657480955124,0.006329652387648821,0.002847495721653104,2300,False
ablation_static_fusion_s43,5,0.03339923918247223,0.032922785729169846,0.03267541527748108,0.008315159939229488,0.0035679801367223263,2300,False
ablation_static_fusion_s43,6,0.036600157618522644,0.03617163002490997,0.0358055979013443,0.00975573156028986,0.004151492845267057,2300,False
ablation_static_fusion_s43,7,0.039538267999887466,0.039120111614465714,0.038658902049064636,0.010948330163955688,0.00470747472718358,2300,False
ablation_static_fusion_s43,8,0.04225511476397514,0.04183616489171982,0.04128556698560715,0.012634385377168655,0.005358648020774126,2300,False
ablation_static_fusion_s43,9,0.04471477493643761,0.044423654675483704,0.04373978078365326,0.013818606734275818,0.005948053207248449,2300,False
ablation_static_fusion_s43,10,0.047300685197114944,0.04693780466914177,0.04614844545722008,0.014386679977178574,0.006491753738373518,2300,False
ablation_static_fusion_s44,1,0.014246038161218166,0.01386623177677393,0.013836405239999294,0.0012221678625792265,0.0007494936580769718,2300,False
ablation_static_fusion_s44,2,0.020695021376013756,0.020612254738807678,0.020535385236144066,0.0029535903595387936,0.00138772779610008,2300,False
ablation_static_fusion_s44,3,0.025475401431322098,0.02542862668633461,0.025290384888648987,0.004705443046987057,0.0021548259537667036,2300,False
ablation_static_fusion_s44,4,0.02944561094045639,0.029436659067869186,0.02925657480955124,0.006117112468928099,0.002847495721653104,2300,False
ablation_static_fusion_s44,5,0.032966215163469315,0.032922785729169846,0.03267541527748108,0.007657026872038841,0.0035679801367223263,2300,False
ablation_static_fusion_s44,6,0.03600391745567322,0.03617163002490997,0.0358055979013443,0.008491252548992634,0.004151492845267057,2300,True
ablation_static_fusion_s44,7,0.03884817287325859,0.039120111614465714,0.038658902049064636,0.009294290095567703,0.00470747472718358,2300,True
ablation_static_fusion_s44,8,0.0413728766143322,0.04183616489171982,0.04128556698560715,0.011094119399785995,0.005358648020774126,2300,True
ablation_static_fusion_s44,9,0.04385486617684364,0.044423654675483704,0.04373978078365326,0.012289668433368206,0.005948053207248449,2300,True
ablation_static_fusion_s44,10,0.04622954502701759,0.04693780466914177,0.04614844545722008,0.013039750047028065,0.006491753738373518,2300,True
ablation_static_fusion_s45,1,0.01463733147829771,0.01386623177677393,0.013836405239999294,0.0009527017828077078,0.0007494936580769718,2300,False
ablation_static_fusion_s45,2,0.021522395312786102,0.020612254738807678,0.020535385236144066,0.002075352007523179,0.00138772779610008,2300,False
ablation_static_fusion_s45,3,0.02683763951063156,0.02542862668633461,0.025290384888648987,0.0029464145191013813,0.0021548259537667036,2300,False
ablation_static_fusion_s45,4,0.031132768839597702,0.029436659067869186,0.02925657480955124,0.0036752934101969004,0.002847495721653104,2300,False
ablation_static_fusion_s45,5,0.03480847552418709,0.032922785729169846,0.03267541527748108,0.004981933161616325,0.0035679801367223263,2300,False
ablation_static_fusion_s45,6,0.03805473819375038,0.03617163002490997,0.0358055979013443,0.0051676626317203045,0.004151492845267057,2300,False
ablation_static_fusion_s45,7,0.040872830897569656,0.039120111614465714,0.038658902049064636,0.006588156335055828,0.00470747472718358,2300,False
ablation_static_fusion_s45,8,0.04327196255326271,0.04183616489171982,0.04128556698560715,0.007834303192794323,0.005358648020774126,2300,False
ablation_static_fusion_s45,9,0.04559565708041191,0.044423654675483704,0.04373978078365326,0.008680617436766624,0.005948053207248449,2300,False
ablation_static_fusion_s45,10,0.047812264412641525,0.04693780466914177,0.04614844545722008,0.00957762822508812,0.006491753738373518,2300,False
ablation_static_fusion_s46,1,0.014936829917132854,0.01386623177677393,0.013836405239999294,0.0007575660129077733,0.0007494936580769718,2300,False
ablation_static_fusion_s46,2,0.021489938721060753,0.020612254738807678,0.020535385236144066,0.0016643218696117401,0.00138772779610008,2300,False
ablation_static_fusion_s46,3,0.026344502344727516,0.02542862668633461,0.025290384888648987,0.0025997625198215246,0.0021548259537667036,2300,False
ablation_static_fusion_s46,4,0.030493907630443573,0.029436659067869186,0.02925657480955124,0.0038734539411962032,0.002847495721653104,2300,False
ablation_static_fusion_s46,5,0.034005798399448395,0.032922785729169846,0.03267541527748108,0.005022407043725252,0.0035679801367223263,2300,False
ablation_static_fusion_s46,6,0.03724990412592888,0.03617163002490997,0.0358055979013443,0.006136363372206688,0.004151492845267057,2300,False
ablation_static_fusion_s46,7,0.04017964377999306,0.039120111614465714,0.038658902049064636,0.007453930098563433,0.00470747472718358,2300,False
ablation_static_fusion_s46,8,0.04277976229786873,0.04183616489171982,0.04128556698560715,0.008565149269998074,0.005358648020774126,2300,False
ablation_static_fusion_s46,9,0.04530861973762512,0.044423654675483704,0.04373978078365326,0.009812467731535435,0.005948053207248449,2300,False
ablation_static_fusion_s46,10,0.04775255173444748,0.04693780466914177,0.04614844545722008,0.010637437924742699,0.006491753738373518,2300,False
baseline_arima,1,0.014013000181482065,0.01386623177677393,0.013836405239999294,0.0008406442714349467,0.0007494936580769718,2300,False
baseline_arima,2,0.02060070410554683,0.020612254738807678,0.020535385236144066,0.0016593111583306259,0.00138772779610008,2300,True
baseline_arima,3,0.025335851736072456,0.02542862668633461,0.025290384888648987,0.002471416510825967,0.0021548259537667036,2300,True
baseline_arima,4,0.029320266084138742,0.029436659067869186,0.02925657480955124,0.0032863346518805896,0.002847495721653104,2300,True
baseline_arima,5,0.032737868960713186,0.032922785729169846,0.03267541527748108,0.004101223936976375,0.0035679801367223263,2300,True
baseline_arima,6,0.03587319525848026,0.03617163002490997,0.0358055979013443,0.004915972305572123,0.004151492845267057,2300,True
baseline_arima,7,0.03871838735132347,0.039120111614465714,0.038658902049064636,0.005731498198977741,0.00470747472718358,2300,True
baseline_arima,8,0.04132625149858557,0.04183616489171982,0.04128556698560715,0.006546275328298865,0.005358648020774126,2300,True
baseline_arima,9,0.04381472997707678,0.044423654675483704,0.04373978078365326,0.007361941073475609,0.005948053207248449,2300,True
baseline_arima,10,0.04623938775074648,0.04693780466914177,0.04614844545722008,0.008176758774320657,0.006491753738373518,2300,True
baseline_cnn_bilstm,1,0.014183917082846165,0.01386623177677393,0.013836405239999294,0.0017684244085103273,0.0007494936580769718,2300,False
baseline_cnn_bilstm,2,0.021167445927858353,0.020612254738807678,0.020535385236144066,0.003955025691539049,0.00138772779610008,2300,False
baseline_cnn_bilstm,3,0.026286127045750618,0.02542862668633461,0.025290384888648987,0.0052235908806324005,0.0021548259537667036,2300,False
baseline_cnn_bilstm,4,0.03058372251689434,0.029436659067869186,0.02925657480955124,0.007374995853751898,0.002847495721653104,2300,False
baseline_cnn_bilstm,5,0.03446393087506294,0.032922785729169846,0.03267541527748108,0.00867373589426279,0.0035679801367223263,2300,False
baseline_cnn_bilstm,6,0.037821926176548004,0.03617163002490997,0.0358055979013443,0.009635782800614834,0.004151492845267057,2300,False
baseline_cnn_bilstm,7,0.041122421622276306,0.039120111614465714,0.038658902049064636,0.01133033074438572,0.00470747472718358,2300,False
baseline_cnn_bilstm,8,0.044342540204524994,0.04183616489171982,0.04128556698560715,0.012451034039258957,0.005358648020774126,2300,False
baseline_cnn_bilstm,9,0.04737459123134613,0.044423654675483704,0.04373978078365326,0.013834148645401001,0.005948053207248449,2300,False
baseline_cnn_bilstm,10,0.050085484981536865,0.04693780466914177,0.04614844545722008,0.014593077823519707,0.006491753738373518,2300,False
baseline_cnn_bilstm_attn,1,0.013885288499295712,0.01386623177677393,0.013836405239999294,0.00167943281121552,0.0007494936580769718,2300,False
baseline_cnn_bilstm_attn,2,0.020624173805117607,0.020612254738807678,0.020535385236144066,0.0032832794822752476,0.00138772779610008,2300,False
baseline_cnn_bilstm_attn,3,0.02545374073088169,0.02542862668633461,0.025290384888648987,0.004260469693690538,0.0021548259537667036,2300,False
baseline_cnn_bilstm_attn,4,0.029586583375930786,0.029436659067869186,0.02925657480955124,0.005914808250963688,0.002847495721653104,2300,False
baseline_cnn_bilstm_attn,5,0.03305039927363396,0.032922785729169846,0.03267541527748108,0.007069419138133526,0.0035679801367223263,2300,False
baseline_cnn_bilstm_attn,6,0.036148134618997574,0.03617163002490997,0.0358055979013443,0.008023816160857677,0.004151492845267057,2300,True
baseline_cnn_bilstm_attn,7,0.03923327103257179,0.039120111614465714,0.038658902049064636,0.009775770828127861,0.00470747472718358,2300,False
baseline_cnn_bilstm_attn,8,0.04182444512844086,0.04183616489171982,0.04128556698560715,0.011083492077887058,0.005358648020774126,2300,True
baseline_cnn_bilstm_attn,9,0.044767383486032486,0.044423654675483704,0.04373978078365326,0.012077492661774158,0.005948053207248449,2300,False
baseline_cnn_bilstm_attn,10,0.047130830585956573,0.04693780466914177,0.04614844545722008,0.012791699729859829,0.006491753738373518,2300,False
baseline_dcc_garch,1,0.013849515420535499,0.01386623177677393,0.013836405239999294,0.001107168320310923,0.0007494936580769718,2300,True
baseline_dcc_garch,2,0.020562845314060402,0.020612254738807678,0.020535385236144066,0.002214336640621846,0.00138772779610008,2300,True
baseline_dcc_garch,3,0.025329250447175565,0.02542862668633461,0.025290384888648987,0.0033215049609327685,0.0021548259537667036,2300,True
baseline_dcc_garch,4,0.029363390454312906,0.029436659067869186,0.02925657480955124,0.004428673281243692,0.002847495721653104,2300,True
baseline_dcc_garch,5,0.0328618745473785,0.032922785729169846,0.03267541527748108,0.005535841601554614,0.0035679801367223263,2300,True
baseline_dcc_garch,6,0.03591996393183228,0.03617163002490997,0.0358055979013443,0.006643009921865537,0.004151492845267057,2300,True
baseline_dcc_garch,7,0.0388345240208654,0.039120111614465714,0.038658902049064636,0.007750178242176459,0.00470747472718358,2300,True
baseline_dcc_garch,8,0.04145702483064408,0.04183616489171982,0.04128556698560715,0.008857346562487383,0.005358648020774126,2300,True
baseline_dcc_garch,9,0.043993913623004574,0.044423654675483704,0.04373978078365326,0.009964514882798306,0.005948053207248449,2300,True
baseline_dcc_garch,10,0.04651755929831443,0.04693780466914177,0.04614844545722008,0.011071683203109228,0.006491753738373518,2300,True
baseline_garch,1,0.013849515420535499,0.01386623177677393,0.013836405239999294,0.001107168320310923,0.0007494936580769718,2300,True
baseline_garch,2,0.020562845314060402,0.020612254738807678,0.020535385236144066,0.002214336640621846,0.00138772779610008,2300,True
baseline_garch,3,0.025329250447175565,0.02542862668633461,0.025290384888648987,0.0033215049609327685,0.0021548259537667036,2300,True
baseline_garch,4,0.029363390454312906,0.029436659067869186,0.02925657480955124,0.004428673281243692,0.002847495721653104,2300,True
baseline_garch,5,0.0328618745473785,0.032922785729169846,0.03267541527748108,0.005535841601554614,0.0035679801367223263,2300,True
baseline_garch,6,0.03591996393183228,0.03617163002490997,0.0358055979013443,0.006643009921865537,0.004151492845267057,2300,True
baseline_garch,7,0.0388345240208654,0.039120111614465714,0.038658902049064636,0.007750178242176459,0.00470747472718358,2300,True
baseline_garch,8,0.04145702483064408,0.04183616489171982,0.04128556698560715,0.008857346562487383,0.005358648020774126,2300,True
baseline_garch,9,0.043993913623004574,0.044423654675483704,0.04373978078365326,0.009964514882798306,0.005948053207248449,2300,True
baseline_garch,10,0.04651755929831443,0.04693780466914177,0.04614844545722008,0.011071683203109228,0.006491753738373518,2300,True
baseline_garch_midas,1,0.013854836806759075,0.01386623177677393,0.013836405239999294,0.001171491207537898,0.0007494936580769718,2300,True
baseline_garch_midas,2,0.020562405750368773,0.020612254738807678,0.020535385236144066,0.002342982415075796,0.00138772779610008,2300,True
baseline_garch_midas,3,0.025309062420799562,0.02542862668633461,0.025290384888648987,0.0035144736226136947,0.0021548259537667036,2300,True
baseline_garch_midas,4,0.029351238961336606,0.029436659067869186,0.02925657480955124,0.004685964830151592,0.002847495721653104,2300,True
baseline_garch_midas,5,0.032847983492539264,0.032922785729169846,0.03267541527748108,0.00585745603768949,0.0035679801367223263,2300,True
baseline_garch_midas,6,0.03587987044214298,0.03617163002490997,0.0358055979013443,0.007028947245227389,0.004151492845267057,2300,True
baseline_garch_midas,7,0.03877536342517619,0.039120111614465714,0.038658902049064636,0.008200438452765288,0.00470747472718358,2300,True
baseline_garch_midas,8,0.04132256916984628,0.04183616489171982,0.04128556698560715,0.009371929660303185,0.005358648020774126,2300,True
baseline_garch_midas,9,0.04384926870771431,0.044423654675483704,0.04373978078365326,0.010543420867841083,0.005948053207248449,2300,True
baseline_garch_midas,10,0.046371445232002206,0.04693780466914177,0.04614844545722008,0.01171491207537898,0.006491753738373518,2300,True
baseline_gru,1,0.014051873236894608,0.01386623177677393,0.013836405239999294,0.001426061149686575,0.0007494936580769718,2300,False
baseline_gru,2,0.020864322781562805,0.020612254738807678,0.020535385236144066,0.0017895451746881008,0.00138772779610008,2300,False
baseline_gru,3,0.025759410113096237,0.02542862668633461,0.025290384888648987,0.0029744277708232403,0.0021548259537667036,2300,False
baseline_gru,4,0.030026165768504143,0.029436659067869186,0.02925657480955124,0.0032903370447456837,0.002847495721653104,2300,False
baseline_gru,5,0.03363057225942612,0.032922785729169846,0.03267541527748108,0.004403045400977135,0.0035679801367223263,2300,False
baseline_gru,6,0.03689416125416756,0.03617163002490997,0.0358055979013443,0.004956181161105633,0.004151492845267057,2300,False
baseline_gru,7,0.04026458039879799,0.039120111614465714,0.038658902049064636,0.0053398506715893745,0.00470747472718358,2300,False
baseline_gru,8,0.04277318716049194,0.04183616489171982,0.04128556698560715,0.005929735489189625,0.005358648020774126,2300,False
baseline_gru,9,0.04562036320567131,0.044423654675483704,0.04373978078365326,0.0064552538096904755,0.005948053207248449,2300,False
baseline_gru,10,0.04854949936270714,0.04693780466914177,0.04614844545722008,0.0067497361451387405,0.006491753738373518,2300,False
baseline_har_rv,1,0.013866232160935792,0.01386623177677393,0.013836405239999294,0.0,0.0007494936580769718,2300,False
baseline_har_rv,2,0.020612253049214064,0.020612254738807678,0.020535385236144066,0.0,0.00138772779610008,2300,True
baseline_har_rv,3,0.025428626929625234,0.02542862668633461,0.025290384888648987,0.0,0.0021548259537667036,2300,False
baseline_har_rv,4,0.02943666056327995,0.029436659067869186,0.02925657480955124,0.0,0.002847495721653104,2300,False
baseline_har_rv,5,0.03292278583753733,0.032922785729169846,0.03267541527748108,0.0,0.0035679801367223263,2300,False
baseline_har_rv,6,0.03617162762407331,0.03617163002490997,0.0358055979013443,0.0,0.004151492845267057,2300,True
baseline_har_rv,7,0.03912011134707902,0.039120111614465714,0.038658902049064636,0.0,0.00470747472718358,2300,True
baseline_har_rv,8,0.041836163625248446,0.04183616489171982,0.04128556698560715,0.0,0.005358648020774126,2300,True
baseline_har_rv,9,0.04442365793550815,0.044423654675483704,0.04373978078365326,0.0,0.005948053207248449,2300,False
baseline_har_rv,10,0.04693780378828745,0.04693780466914177,0.04614844545722008,0.0,0.006491753738373518,2300,True
baseline_lstm,1,0.014025726355612278,0.01386623177677393,0.013836405239999294,0.0017475613858550787,0.0007494936580769718,2300,False
baseline_lstm,2,0.02097931131720543,0.020612254738807678,0.020535385236144066,0.003804889740422368,0.00138772779610008,2300,False
baseline_lstm,3,0.026089033111929893,0.02542862668633461,0.025290384888648987,0.005430775694549084,0.0021548259537667036,2300,False
baseline_lstm,4,0.030343376100063324,0.029436659067869186,0.02925657480955124,0.007059417199343443,0.002847495721653104,2300,False
baseline_lstm,5,0.03400935232639313,0.032922785729169846,0.03267541527748108,0.00867623370140791,0.0035679801367223263,2300,False
baseline_lstm,6,0.037462569773197174,0.03617163002490997,0.0358055979013443,0.010094262659549713,0.004151492845267057,2300,False
baseline_lstm,7,0.04094577953219414,0.039120111614465714,0.038658902049064636,0.011774738319218159,0.00470747472718358,2300,False
baseline_lstm,8,0.043886128813028336,0.04183616489171982,0.04128556698560715,0.013032387010753155,0.005358648020774126,2300,False
baseline_lstm,9,0.046949539333581924,0.044423654675483704,0.04373978078365326,0.014252452179789543,0.005948053207248449,2300,False
baseline_lstm,10,0.0496811643242836,0.04693780466914177,0.04614844545722008,0.015213397331535816,0.006491753738373518,2300,False
baseline_martingale,1,0.013866232160935792,0.01386623177677393,0.013836405239999294,0.0,0.0007494936580769718,2300,False
baseline_martingale,2,0.020612253049214064,0.020612254738807678,0.020535385236144066,0.0,0.00138772779610008,2300,True
baseline_martingale,3,0.025428626929625234,0.02542862668633461,0.025290384888648987,0.0,0.0021548259537667036,2300,False
baseline_martingale,4,0.02943666056327995,0.029436659067869186,0.02925657480955124,0.0,0.002847495721653104,2300,False
baseline_martingale,5,0.03292278583753733,0.032922785729169846,0.03267541527748108,0.0,0.0035679801367223263,2300,False
baseline_martingale,6,0.03617162762407331,0.03617163002490997,0.0358055979013443,0.0,0.004151492845267057,2300,True
baseline_martingale,7,0.03912011134707902,0.039120111614465714,0.038658902049064636,0.0,0.00470747472718358,2300,True
baseline_martingale,8,0.041836163625248446,0.04183616489171982,0.04128556698560715,0.0,0.005358648020774126,2300,True
baseline_martingale,9,0.04442365793550815,0.044423654675483704,0.04373978078365326,0.0,0.005948053207248449,2300,False
baseline_martingale,10,0.04693780378828745,0.04693780466914177,0.04614844545722008,0.0,0.006491753738373518,2300,True
baseline_sentiment_lstm,1,0.013921737670898438,0.01386623177677393,0.013836405239999294,0.0013807453215122223,0.0007494936580769718,2300,False
baseline_sentiment_lstm,2,0.02068987675011158,0.020612254738807678,0.020535385236144066,0.0025885021314024925,0.00138772779610008,2300,False
baseline_sentiment_lstm,3,0.025661060586571693,0.02542862668633461,0.025290384888648987,0.003957553766667843,0.0021548259537667036,2300,False
baseline_sentiment_lstm,4,0.02968776226043701,0.029436659067869186,0.02925657480955124,0.005281119141727686,0.002847495721653104,2300,False
baseline_sentiment_lstm,5,0.03309522569179535,0.032922785729169846,0.03267541527748108,0.005828427150845528,0.0035679801367223263,2300,False
baseline_sentiment_lstm,6,0.03623819723725319,0.03617163002490997,0.0358055979013443,0.0068052285350859165,0.004151492845267057,2300,False
baseline_sentiment_lstm,7,0.03951527178287506,0.039120111614465714,0.038658902049064636,0.007831291295588017,0.00470747472718358,2300,False
baseline_sentiment_lstm,8,0.0421934574842453,0.04183616489171982,0.04128556698560715,0.008614396676421165,0.005358648020774126,2300,False
baseline_sentiment_lstm,9,0.04480576515197754,0.044423654675483704,0.04373978078365326,0.009526828303933144,0.005948053207248449,2300,False
baseline_sentiment_lstm,10,0.04712068289518356,0.04693780466914177,0.04614844545722008,0.009683309122920036,0.006491753738373518,2300,False
baseline_tft,1,0.014060574396450608,0.01386623177677393,0.013836405239999294,0.00018714229435199344,0.0007494936580769718,2300,False
baseline_tft,2,0.021113585402186087,0.020612254738807678,0.020535385236144066,0.00037190467326107194,0.00138772779610008,2300,False
baseline_tft,3,0.02642732934626585,0.02542862668633461,0.025290384888648987,0.0005490358422748218,0.0021548259537667036,2300,False
baseline_tft,4,0.031088821510553987,0.029436659067869186,0.02925657480955124,0.0007059564574940495,0.002847495721653104,2300,False
baseline_tft,5,0.035233404890503785,0.032922785729169846,0.03267541527748108,0.0008466348165276703,0.0035679801367223263,2300,False
baseline_tft,6,0.038987298804949326,0.03617163002490997,0.0358055979013443,0.000983059392614371,0.004151492845267057,2300,False
baseline_tft,7,0.04267660680679831,0.039120111614465714,0.038658902049064636,0.0011282369183912954,0.00470747472718358,2300,False
baseline_tft,8,0.0460481355611022,0.04183616489171982,0.04128556698560715,0.0012929275918134447,0.005358648020774126,2300,False
baseline_tft,9,0.04948050103373332,0.044423654675483704,0.04373978078365326,0.0014846227798451486,0.005948053207248449,2300,False
baseline_tft,10,0.05250302084390252,0.04693780466914177,0.04614844545722008,0.0017070966542435243,0.006491753738373518,2300,False
baseline_transformer,1,0.0140861626714468,0.01386623177677393,0.013836405239999294,0.0010202135890722275,0.0007494936580769718,2300,False
baseline_transformer,2,0.020710621029138565,0.020612254738807678,0.020535385236144066,0.0033318083733320236,0.00138772779610008,2300,False
baseline_transformer,3,0.025805024430155754,0.02542862668633461,0.025290384888648987,0.004552579950541258,0.0021548259537667036,2300,False
baseline_transformer,4,0.02991485595703125,0.029436659067869186,0.02925657480955124,0.005721232388168573,0.002847495721653104,2300,False
baseline_transformer,5,0.03362007439136505,0.032922785729169846,0.03267541527748108,0.007364713586866856,0.0035679801367223263,2300,False
baseline_transformer,6,0.03688079118728638,0.03617163002490997,0.0358055979013443,0.00835600309073925,0.004151492845267057,2300,False
baseline_transformer,7,0.03969162702560425,0.039120111614465714,0.038658902049064636,0.009391086176037788,0.00470747472718358,2300,False
baseline_transformer,8,0.04249558970332146,0.04183616489171982,0.04128556698560715,0.01069597341120243,0.005358648020774126,2300,False
baseline_transformer,9,0.045462291687726974,0.044423654675483704,0.04373978078365326,0.011767355725169182,0.005948053207248449,2300,False
baseline_transformer,10,0.04749685525894165,0.04693780466914177,0.04614844545722008,0.013135883957147598,0.006491753738373518,2300,False
dramt_ensemble,1,0.013969196006655693,0.01386623177677393,0.013836405239999294,0.001409483957104385,0.0007494936580769718,2300,False
dramt_ensemble,2,0.020635217428207397,0.020612254738807678,0.020535385236144066,0.002816905500367284,0.00138772779610008,2300,False
dramt_ensemble,3,0.025439951568841934,0.02542862668633461,0.025290384888648987,0.004093825817108154,0.0021548259537667036,2300,False
dramt_ensemble,4,0.029485464096069336,0.029436659067869186,0.02925657480955124,0.005398960318416357,0.002847495721653104,2300,False
dramt_ensemble,5,0.03296053037047386,0.032922785729169846,0.03267541527748108,0.006696376018226147,0.0035679801367223263,2300,False
dramt_ensemble,6,0.036149583756923676,0.03617163002490997,0.0358055979013443,0.0075736213475465775,0.004151492845267057,2300,True
dramt_ensemble,7,0.03905361145734787,0.039120111614465714,0.038658902049064636,0.008729045279324055,0.00470747472718358,2300,True
dramt_ensemble,8,0.04168351739645004,0.04183616489171982,0.04128556698560715,0.010008520446717739,0.005358648020774126,2300,True
dramt_ensemble,9,0.044053323566913605,0.044423654675483704,0.04373978078365326,0.011026475578546524,0.005948053207248449,2300,True
dramt_ensemble,10,0.04643024504184723,0.04693780466914177,0.04614844545722008,0.011983633041381836,0.006491753738373518,2300,True
dramt_garch,1,0.014289947226643562,0.01386623177677393,0.013836405239999294,0.0027511294465512037,0.0007494936580769718,2300,False
dramt_garch,2,0.020801261067390442,0.020612254738807678,0.020535385236144066,0.003301397431641817,0.00138772779610008,2300,False
dramt_garch,3,0.02559824101626873,0.02542862668633461,0.025290384888648987,0.0038413687143474817,0.0021548259537667036,2300,False
dramt_garch,4,0.029698573052883148,0.029436659067869186,0.02925657480955124,0.004555368330329657,0.002847495721653104,2300,False
dramt_garch,5,0.0331251285970211,0.032922785729169846,0.03267541527748108,0.005685074254870415,0.0035679801367223263,2300,False
dramt_garch,6,0.03638801723718643,0.03617163002490997,0.0358055979013443,0.005243098828941584,0.004151492845267057,2300,False
dramt_garch,7,0.03948463872075081,0.039120111614465714,0.038658902049064636,0.005858846008777618,0.00470747472718358,2300,False
dramt_garch,8,0.04211101680994034,0.04183616489171982,0.04128556698560715,0.007245937827974558,0.005358648020774126,2300,False
dramt_garch,9,0.04452195391058922,0.044423654675483704,0.04373978078365326,0.008217323571443558,0.005948053207248449,2300,False
dramt_garch,10,0.04702771082520485,0.04693780466914177,0.04614844545722008,0.008621861226856709,0.006491753738373518,2300,False
dramt_gate_ext,1,0.014917728491127491,0.01386623177677393,0.013836405239999294,0.0028840061277151108,0.0007494936580769718,2300,False
dramt_gate_ext,2,0.02131202630698681,0.020612254738807678,0.020535385236144066,0.00498167285695672,0.00138772779610008,2300,False
dramt_gate_ext,3,0.026182692497968674,0.02542862668633461,0.025290384888648987,0.006352787371724844,0.0021548259537667036,2300,False
dramt_gate_ext,4,0.030344132333993912,0.029436659067869186,0.02925657480955124,0.00803727563470602,0.002847495721653104,2300,False
dramt_gate_ext,5,0.03385637700557709,0.032922785729169846,0.03267541527748108,0.009539511986076832,0.0035679801367223263,2300,False
dramt_gate_ext,6,0.03693390637636185,0.03617163002490997,0.0358055979013443,0.010503880679607391,0.004151492845267057,2300,False
dramt_gate_ext,7,0.039835356175899506,0.039120111614465714,0.038658902049064636,0.011764271184802055,0.00470747472718358,2300,False
dramt_gate_ext,8,0.04229439049959183,0.04183616489171982,0.04128556698560715,0.012970715761184692,0.005358648020774126,2300,False
dramt_gate_ext,9,0.0446649007499218,0.044423654675483704,0.04373978078365326,0.014136913232505322,0.005948053207248449,2300,False
dramt_gate_ext,10,0.047173742204904556,0.04693780466914177,0.04614844545722008,0.015870796516537666,0.006491753738373518,2300,False
dramt_gate_ext_time,1,0.014608827419579029,0.01386623177677393,0.013836405239999294,0.0017866449197754264,0.0007494936580769718,2300,False
dramt_gate_ext_time,2,0.020967349410057068,0.020612254738807678,0.020535385236144066,0.0034397768322378397,0.00138772779610008,2300,False
dramt_gate_ext_time,3,0.025774359703063965,0.02542862668633461,0.025290384888648987,0.005027735140174627,0.0021548259537667036,2300,False
dramt_gate_ext_time,4,0.029709218069911003,0.029436659067869186,0.02925657480955124,0.006057307124137878,0.002847495721653104,2300,False
dramt_gate_ext_time,5,0.03306810185313225,0.032922785729169846,0.03267541527748108,0.00756797892972827,0.0035679801367223263,2300,False
dramt_gate_ext_time,6,0.03608809784054756,0.03617163002490997,0.0358055979013443,0.008653426542878151,0.004151492845267057,2300,True
dramt_gate_ext_time,7,0.038906365633010864,0.039120111614465714,0.038658902049064636,0.010004152543842793,0.00470747472718358,2300,True
dramt_gate_ext_time,8,0.04145205393433571,0.04183616489171982,0.04128556698560715,0.011233550496399403,0.005358648020774126,2300,True
dramt_gate_ext_time,9,0.04397014528512955,0.044423654675483704,0.04373978078365326,0.012612443417310715,0.005948053207248449,2300,True
dramt_gate_ext_time,10,0.04636790230870247,0.04693780466914177,0.04614844545722008,0.013889126479625702,0.006491753738373518,2300,True
dramt_gate_time,1,0.01420387253165245,0.01386623177677393,0.013836405239999294,0.002117900177836418,0.0007494936580769718,2300,False
dramt_gate_time,2,0.020638566464185715,0.020612254738807678,0.020535385236144066,0.003847498679533601,0.00138772779610008,2300,False
dramt_gate_time,3,0.02537805587053299,0.02542862668633461,0.025290384888648987,0.004953756928443909,0.0021548259537667036,2300,True
dramt_gate_time,4,0.029417499899864197,0.029436659067869186,0.02925657480955124,0.006750619970262051,0.002847495721653104,2300,True
dramt_gate_time,5,0.032813310623168945,0.032922785729169846,0.03267541527748108,0.007791098672896624,0.0035679801367223263,2300,True
dramt_gate_time,6,0.03586618974804878,0.03617163002490997,0.0358055979013443,0.008440427482128143,0.004151492845267057,2300,True
dramt_gate_time,7,0.038723595440387726,0.039120111614465714,0.038658902049064636,0.009186589159071445,0.00470747472718358,2300,True
dramt_gate_time,8,0.041300199925899506,0.04183616489171982,0.04128556698560715,0.01074948813766241,0.005358648020774126,2300,True
dramt_gate_time,9,0.043805185705423355,0.044423654675483704,0.04373978078365326,0.011858409270644188,0.005948053207248449,2300,True
dramt_gate_time,10,0.04620388522744179,0.04693780466914177,0.04614844545722008,0.013203654438257217,0.006491753738373518,2300,True
dramt_gpu,1,0.014548270031809807,0.01386623177677393,0.013836405239999294,0.002778926631435752,0.0007494936580769718,2300,False
dramt_gpu,2,0.021056296303868294,0.020612254738807678,0.020535385236144066,0.004123847931623459,0.00138772779610008,2300,False
dramt_gpu,3,0.02601543255150318,0.02542862668633461,0.025290384888648987,0.005015736911445856,0.0021548259537667036,2300,False
dramt_gpu,4,0.03010018728673458,0.029436659067869186,0.02925657480955124,0.006430471315979958,0.002847495721653104,2300,False
dramt_gpu,5,0.03369428217411041,0.032922785729169846,0.03267541527748108,0.007368429563939571,0.0035679801367223263,2300,False
dramt_gpu,6,0.03665433079004288,0.03617163002490997,0.0358055979013443,0.0077175903134047985,0.004151492845267057,2300,False
dramt_gpu,7,0.039474427700042725,0.039120111614465714,0.038658902049064636,0.008651540614664555,0.00470747472718358,2300,False
dramt_gpu,8,0.042191650718450546,0.04183616489171982,0.04128556698560715,0.009735946543514729,0.005358648020774126,2300,False
dramt_gpu,9,0.04461374133825302,0.044423654675483704,0.04373978078365326,0.010562212206423283,0.005948053207248449,2300,False
dramt_gpu,10,0.046900149434804916,0.04693780466914177,0.04614844545722008,0.011008054949343204,0.006491753738373518,2300,True
dramt_lam1_2,1,0.015030448324978352,0.01386623177677393,0.013836405239999294,-0.0009018791024573147,0.0007494936580769718,2300,False
dramt_lam1_2,2,0.02157619036734104,0.020612254738807678,0.020535385236144066,0.00045889648026786745,0.00138772779610008,2300,False
dramt_lam1_2,3,0.026265287771821022,0.02542862668633461,0.025290384888648987,0.0021385292056947947,0.0021548259537667036,2300,False
dramt_lam1_2,4,0.030466163530945778,0.029436659067869186,0.02925657480955124,0.004338336642831564,0.002847495721653104,2300,False
dramt_lam1_2,5,0.03411853313446045,0.032922785729169846,0.03267541527748108,0.006595437414944172,0.0035679801367223263,2300,False
dramt_lam1_2,6,0.037390291690826416,0.03617163002490997,0.0358055979013443,0.007801721803843975,0.004151492845267057,2300,False
dramt_lam1_2,7,0.0404089093208313,0.039120111614465714,0.038658902049064636,0.009186172857880592,0.00470747472718358,2300,False
dramt_lam1_2,8,0.042989686131477356,0.04183616489171982,0.04128556698560715,0.010770630091428757,0.005358648020774126,2300,False
dramt_lam1_2,9,0.045534536242485046,0.044423654675483704,0.04373978078365326,0.012191897258162498,0.005948053207248449,2300,False
dramt_lam1_2,10,0.04803508520126343,0.04693780466914177,0.04614844545722008,0.013224021531641483,0.006491753738373518,2300,False
dramt_lam1_5,1,0.014209156855940819,0.01386623177677393,0.013836405239999294,0.00022652313055004925,0.0007494936580769718,2300,False
dramt_lam1_5,2,0.020938949659466743,0.020612254738807678,0.020535385236144066,0.001630123471841216,0.00138772779610008,2300,False
dramt_lam1_5,3,0.025805024430155754,0.02542862668633461,0.025290384888648987,0.003292983863502741,0.0021548259537667036,2300,False
dramt_lam1_5,4,0.029787279665470123,0.029436659067869186,0.02925657480955124,0.0043296217918396,0.002847495721653104,2300,False
dramt_lam1_5,5,0.03324479982256889,0.032922785729169846,0.03267541527748108,0.005295131355524063,0.0035679801367223263,2300,False
dramt_lam1_5,6,0.03644363582134247,0.03617163002490997,0.0358055979013443,0.006136186420917511,0.004151492845267057,2300,False
dramt_lam1_5,7,0.03929736465215683,0.039120111614465714,0.038658902049064636,0.007207165472209454,0.00470747472718358,2300,False
dramt_lam1_5,8,0.041928332298994064,0.04183616489171982,0.04128556698560715,0.008319735527038574,0.005358648020774126,2300,False
dramt_lam1_5,9,0.04444000869989395,0.044423654675483704,0.04373978078365326,0.009559455327689648,0.005948053207248449,2300,False
dramt_lam1_5,10,0.04691263660788536,0.04693780466914177,0.04614844545722008,0.010369096882641315,0.006491753738373518,2300,True
dramt_rank,1,0.014362366870045662,0.01386623177677393,0.013836405239999294,0.0030807831790298223,0.0007494936580769718,2300,False
dramt_rank,2,0.020804403349757195,0.020612254738807678,0.020535385236144066,0.003457312472164631,0.00138772779610008,2300,False
dramt_rank,3,0.025473056361079216,0.02542862668633461,0.025290384888648987,0.0047718859277665615,0.0021548259537667036,2300,False
dramt_rank,4,0.029507741332054138,0.029436659067869186,0.02925657480955124,0.006293310783803463,0.002847495721653104,2300,False
dramt_rank,5,0.03300275653600693,0.032922785729169846,0.03267541527748108,0.007772364187985659,0.0035679801367223263,2300,False
dramt_rank,6,0.03607286512851715,0.03617163002490997,0.0358055979013443,0.008925714530050755,0.004151492845267057,2300,True
dramt_rank,7,0.038852039724588394,0.039120111614465714,0.038658902049064636,0.009534341283142567,0.00470747472718358,2300,True
dramt_rank,8,0.04147922620177269,0.04183616489171982,0.04128556698560715,0.011319437995553017,0.005358648020774126,2300,True
dramt_rank,9,0.04392608627676964,0.044423654675483704,0.04373978078365326,0.012691927142441273,0.005948053207248449,2300,True
dramt_rank,10,0.046292487531900406,0.04693780466914177,0.04614844545722008,0.013339188881218433,0.006491753738373518,2300,True
dramt_rank_only,1,0.014368277974426746,0.01386623177677393,0.013836405239999294,-0.00053256971295923,0.0007494936580769718,2300,False
dramt_rank_only,2,0.020916834473609924,0.020612254738807678,0.020535385236144066,-0.00034566677641123533,0.00138772779610008,2300,False
dramt_rank_only,3,0.025768740102648735,0.02542862668633461,0.025290384888648987,-0.00030940386932343245,0.0021548259537667036,2300,False
dramt_rank_only,4,0.029774701222777367,0.029436659067869186,0.02925657480955124,2.189259794249665e-05,0.002847495721653104,2300,False
dramt_rank_only,5,0.03329014778137207,0.032922785729169846,0.03267541527748108,-0.0003045146295335144,0.0035679801367223263,2300,False
dramt_rank_only,6,0.03656066954135895,0.03617163002490997,0.0358055979013443,-0.00014568184269592166,0.004151492845267057,2300,False
dramt_rank_only,7,0.039498742669820786,0.039120111614465714,0.038658902049064636,-0.0004447563842404634,0.00470747472718358,2300,False
dramt_rank_only,8,0.04208657145500183,0.04183616489171982,0.04128556698560715,-0.00024355208734050393,0.005358648020774126,2300,False
dramt_rank_only,9,0.044707223773002625,0.044423654675483704,0.04373978078365326,-0.00025125991669483483,0.005948053207248449,2300,False
dramt_rank_only,10,0.047286875545978546,0.04693780466914177,0.04614844545722008,-0.0004577577637974173,0.006491753738373518,2300,False
dramt_riskonly,1,0.014238699339330196,0.01386623177677393,0.013836405239999294,-8.996872929856181e-05,0.0007494936580769718,2300,False
dramt_riskonly,2,0.020939834415912628,0.020612254738807678,0.020535385236144066,-0.00011261411418672651,0.00138772779610008,2300,False
dramt_riskonly,3,0.025697609409689903,0.02542862668633461,0.025290384888648987,-0.00012963396147824824,0.0021548259537667036,2300,False
dramt_riskonly,4,0.029812926426529884,0.029436659067869186,0.02925657480955124,-0.00029167596949264407,0.002847495721653104,2300,False
dramt_riskonly,5,0.033359937369823456,0.032922785729169846,0.03267541527748108,-0.00035104036214761436,0.0035679801367223263,2300,False
dramt_riskonly,6,0.03651385009288788,0.03617163002490997,0.0358055979013443,-0.0005370085127651691,0.004151492845267057,2300,False
dramt_riskonly,7,0.03933500498533249,0.039120111614465714,0.038658902049064636,-3.462324821157381e-05,0.00470747472718358,2300,False
dramt_riskonly,8,0.04211524501442909,0.04183616489171982,0.04128556698560715,-0.0005891609471291304,0.005358648020774126,2300,False
dramt_riskonly,9,0.04481062665581703,0.044423654675483704,0.04373978078365326,-0.0005942396237514913,0.005948053207248449,2300,False
dramt_riskonly,10,0.0472743883728981,0.04693780466914177,0.04614844545722008,-0.0006147472886368632,0.006491753738373518,2300,False
dramt_seed42,1,0.014334398321807384,0.01386623177677393,0.013836405239999294,0.0018552568508312106,0.0007494936580769718,2300,False
dramt_seed42,2,0.02096523717045784,0.020612254738807678,0.020535385236144066,0.003316110000014305,0.00138772779610008,2300,False
dramt_seed42,3,0.026020633056759834,0.02542862668633461,0.025290384888648987,0.0041259946301579475,0.0021548259537667036,2300,False
dramt_seed42,4,0.03036411479115486,0.029436659067869186,0.02925657480955124,0.00538532342761755,0.002847495721653104,2300,False
dramt_seed42,5,0.03407427668571472,0.032922785729169846,0.03267541527748108,0.006024443078786135,0.0035679801367223263,2300,False
dramt_seed42,6,0.037488676607608795,0.03617163002490997,0.0358055979013443,0.006500609219074249,0.004151492845267057,2300,False
dramt_seed42,7,0.04043068364262581,0.039120111614465714,0.038658902049064636,0.007316228002309799,0.00470747472718358,2300,False
dramt_seed42,8,0.043079834431409836,0.04183616489171982,0.04128556698560715,0.008390422910451889,0.005358648020774126,2300,False
dramt_seed42,9,0.04533202946186066,0.044423654675483704,0.04373978078365326,0.009239926002919674,0.005948053207248449,2300,False
dramt_seed42,10,0.0475679412484169,0.04693780466914177,0.04614844545722008,0.00961484294384718,0.006491753738373518,2300,False
dramt_seed43,1,0.01427482906728983,0.01386623177677393,0.013836405239999294,0.0021595906000584364,0.0007494936580769718,2300,False
dramt_seed43,2,0.020698880776762962,0.020612254738807678,0.020535385236144066,0.0033136457204818726,0.00138772779610008,2300,False
dramt_seed43,3,0.02537664584815502,0.02542862668633461,0.025290384888648987,0.003972623962908983,0.0021548259537667036,2300,True
dramt_seed43,4,0.029399510473012924,0.029436659067869186,0.02925657480955124,0.005419902969151735,0.002847495721653104,2300,True
dramt_seed43,5,0.03282593935728073,0.032922785729169846,0.03267541527748108,0.006510572973638773,0.0035679801367223263,2300,True
dramt_seed43,6,0.03595755249261856,0.03617163002490997,0.0358055979013443,0.007233394309878349,0.004151492845267057,2300,True
dramt_seed43,7,0.038863345980644226,0.039120111614465714,0.038658902049064636,0.008537578396499157,0.00470747472718358,2300,True
dramt_seed43,8,0.04148437827825546,0.04183616489171982,0.04128556698560715,0.009576741605997086,0.005358648020774126,2300,True
dramt_seed43,9,0.043964285403490067,0.044423654675483704,0.04373978078365326,0.010551247745752335,0.005948053207248449,2300,True
dramt_seed43,10,0.04643184319138527,0.04693780466914177,0.04614844545722008,0.011192228645086288,0.006491753738373518,2300,True
dramt_seed44,1,0.01431447546929121,0.01386623177677393,0.013836405239999294,0.0028171460144221783,0.0007494936580769718,2300,False
dramt_seed44,2,0.020795749500393867,0.020612254738807678,0.020535385236144066,0.0046751173213124275,0.00138772779610008,2300,False
dramt_seed44,3,0.0255317110568285,0.02542862668633461,0.025290384888648987,0.0058855582028627396,0.0021548259537667036,2300,False
dramt_seed44,4,0.02961481176316738,0.029436659067869186,0.02925657480955124,0.007708443328738213,0.002847495721653104,2300,False
dramt_seed44,5,0.033198658376932144,0.032922785729169846,0.03267541527748108,0.00943845696747303,0.0035679801367223263,2300,False
dramt_seed44,6,0.03625262901186943,0.03617163002490997,0.0358055979013443,0.010218819603323936,0.004151492845267057,2300,False
dramt_seed44,7,0.03911997005343437,0.039120111614465714,0.038658902049064636,0.011409522034227848,0.00470747472718358,2300,True
dramt_seed44,8,0.04169655963778496,0.04183616489171982,0.04128556698560715,0.01286476943641901,0.005358648020774126,2300,True
dramt_seed44,9,0.04409442096948624,0.044423654675483704,0.04373978078365326,0.01369868777692318,0.005948053207248449,2300,True
dramt_seed44,10,0.04652993753552437,0.04693780466914177,0.04614844545722008,0.015108257532119751,0.006491753738373518,2300,True
dramt_seed45,1,0.01629120111465454,0.01386623177677393,0.013836405239999294,-0.0013146018609404564,0.0007494936580769718,2300,False
dramt_seed45,2,0.022535134106874466,0.020612254738807678,0.020535385236144066,-4.8955625970847905e-05,0.00138772779610008,2300,False
dramt_seed45,3,0.027343209832906723,0.02542862668633461,0.025290384888648987,0.0011647751089185476,0.0021548259537667036,2300,False
dramt_seed45,4,0.03146745637059212,0.029436659067869186,0.02925657480955124,0.0025715550873428583,0.002847495721653104,2300,False
dramt_seed45,5,0.03489101305603981,0.032922785729169846,0.03267541527748108,0.004162992816418409,0.0035679801367223263,2300,False
dramt_seed45,6,0.03811014071106911,0.03617163002490997,0.0358055979013443,0.005069130565971136,0.004151492845267057,2300,False
dramt_seed45,7,0.04111810401082039,0.039120111614465714,0.038658902049064636,0.0060820020735263824,0.00470747472718358,2300,False
dramt_seed45,8,0.043697942048311234,0.04183616489171982,0.04128556698560715,0.007363711018115282,0.005358648020774126,2300,False
dramt_seed45,9,0.0461864098906517,0.044423654675483704,0.04373978078365326,0.008414938114583492,0.005948053207248449,2300,False
dramt_seed45,10,0.04865771159529686,0.04693780466914177,0.04614844545722008,0.00955180637538433,0.006491753738373518,2300,False
dramt_seed46,1,0.015588966198265553,0.01386623177677393,0.013836405239999294,-0.0008741727215237916,0.0007494936580769718,2300,False
dramt_seed46,2,0.02211727388203144,0.020612254738807678,0.020535385236144066,0.0010418955935165286,0.00138772779610008,2300,False
dramt_seed46,3,0.026991600170731544,0.02542862668633461,0.025290384888648987,0.0035501716192811728,0.0021548259537667036,2300,False
dramt_seed46,4,0.03108329139649868,0.029436659067869186,0.02925657480955124,0.005336374044418335,0.002847495721653104,2300,False
dramt_seed46,5,0.03459929674863815,0.032922785729169846,0.03267541527748108,0.006985172629356384,0.0035679801367223263,2300,False
dramt_seed46,6,0.03784729167819023,0.03617163002490997,0.0358055979013443,0.00843737181276083,0.004151492845267057,2300,False
dramt_seed46,7,0.040646251291036606,0.039120111614465714,0.038658902049064636,0.009627767838537693,0.00470747472718358,2300,False
dramt_seed46,8,0.04310736805200577,0.04183616489171982,0.04128556698560715,0.010936823673546314,0.005358648020774126,2300,False
dramt_seed46,9,0.04528721794486046,0.044423654675483704,0.04373978078365326,0.012150725349783897,0.005948053207248449,2300,False
dramt_seed46,10,0.047567714005708694,0.04693780466914177,0.04614844545722008,0.012981187552213669,0.006491753738373518,2300,False
dramt_seed47,1,0.014279242604970932,0.01386623177677393,0.013836405239999294,0.0035496794153004885,0.0007494936580769718,2300,False
dramt_seed47,2,0.020793423056602478,0.020612254738807678,0.020535385236144066,0.005031387787312269,0.00138772779610008,2300,False
dramt_seed47,3,0.02553781494498253,0.02542862668633461,0.025290384888648987,0.005728734657168388,0.0021548259537667036,2300,False
dramt_seed47,4,0.029500626027584076,0.029436659067869186,0.02925657480955124,0.006722008343786001,0.002847495721653104,2300,False
dramt_seed47,5,0.033028628677129745,0.032922785729169846,0.03267541527748108,0.008279063738882542,0.0035679801367223263,2300,False
dramt_seed47,6,0.03617357462644577,0.03617163002490997,0.0358055979013443,0.00912410020828247,0.004151492845267057,2300,False
dramt_seed47,7,0.0389786995947361,0.039120111614465714,0.038658902049064636,0.009906257502734661,0.00470747472718358,2300,True
dramt_seed47,8,0.041626937687397,0.04183616489171982,0.04128556698560715,0.010999674908816814,0.005358648020774126,2300,True
dramt_seed47,9,0.04413670301437378,0.044423654675483704,0.04373978078365326,0.01192332711070776,0.005948053207248449,2300,True
dramt_seed47,10,0.04647368565201759,0.04693780466914177,0.04614844545722008,0.012977180071175098,0.006491753738373518,2300,True
dramt_seed48,1,0.015400453470647335,0.01386623177677393,0.013836405239999294,-0.000892890035174787,0.0007494936580769718,2300,False
dramt_seed48,2,0.02245136722922325,0.020612254738807678,0.020535385236144066,-0.0003026074846275151,0.00138772779610008,2300,False
dramt_seed48,3,0.02756735309958458,0.02542862668633461,0.025290384888648987,0.0003848977794405073,0.0021548259537667036,2300,False
dramt_seed48,4,0.03194854035973549,0.029436659067869186,0.02925657480955124,0.0008638636791147292,0.002847495721653104,2300,False
dramt_seed48,5,0.03566191345453262,0.032922785729169846,0.03267541527748108,0.0014174268580973148,0.0035679801367223263,2300,False
dramt_seed48,6,0.03910438343882561,0.03617163002490997,0.0358055979013443,0.0016559562645852566,0.004151492845267057,2300,False
dramt_seed48,7,0.042199891060590744,0.039120111614465714,0.038658902049064636,0.0023979945108294487,0.00470747472718358,2300,False
dramt_seed48,8,0.04492536932229996,0.04183616489171982,0.04128556698560715,0.0034954033326357603,0.005358648020774126,2300,False
dramt_seed48,9,0.04740007966756821,0.044423654675483704,0.04373978078365326,0.004531722515821457,0.005948053207248449,2300,False
dramt_seed48,10,0.04989626631140709,0.04693780466914177,0.04614844545722008,0.00523436488583684,0.006491753738373518,2300,False
dramt_seed49,1,0.014056866057217121,0.01386623177677393,0.013836405239999294,0.0026281282771378756,0.0007494936580769718,2300,False
dramt_seed49,2,0.02068006433546543,0.020612254738807678,0.020535385236144066,0.003834527451545,0.00138772779610008,2300,False
dramt_seed49,3,0.025705907493829727,0.02542862668633461,0.025290384888648987,0.00544248940423131,0.0021548259537667036,2300,False
dramt_seed49,4,0.029683532193303108,0.029436659067869186,0.02925657480955124,0.0065523493103682995,0.002847495721653104,2300,False
dramt_seed49,5,0.03336513042449951,0.032922785729169846,0.03267541527748108,0.007798135280609131,0.0035679801367223263,2300,False
dramt_seed49,6,0.03699088096618652,0.03617163002490997,0.0358055979013443,0.008370769210159779,0.004151492845267057,2300,False
dramt_seed49,7,0.040231648832559586,0.039120111614465714,0.038658902049064636,0.00958807859569788,0.00470747472718358,2300,False
dramt_seed49,8,0.04330800473690033,0.04183616489171982,0.04128556698560715,0.011250208131968975,0.005358648020774126,2300,False
dramt_seed49,9,0.04588086158037186,0.044423654675483704,0.04373978078365326,0.012491770088672638,0.005948053207248449,2300,False
dramt_seed49,10,0.0483877956867218,0.04693780466914177,0.04614844545722008,0.013808760792016983,0.006491753738373518,2300,False
dramt_seed50,1,0.014731989242136478,0.01386623177677393,0.013836405239999294,0.003288169391453266,0.0007494936580769718,2300,False
dramt_seed50,2,0.021242225542664528,0.020612254738807678,0.020535385236144066,0.0044586071744561195,0.00138772779610008,2300,False
dramt_seed50,3,0.025892620906233788,0.02542862668633461,0.025290384888648987,0.005417347885668278,0.0021548259537667036,2300,False
dramt_seed50,4,0.02976183407008648,0.029436659067869186,0.02925657480955124,0.005879167467355728,0.002847495721653104,2300,False
dramt_seed50,5,0.03313153609633446,0.032922785729169846,0.03267541527748108,0.006545130629092455,0.0035679801367223263,2300,False
dramt_seed50,6,0.03601812943816185,0.03617163002490997,0.0358055979013443,0.0077541284263134,0.004151492845267057,2300,True
dramt_seed50,7,0.038679253309965134,0.039120111614465714,0.038658902049064636,0.009513323195278645,0.00470747472718358,2300,True
dramt_seed50,8,0.04105623438954353,0.04183616489171982,0.04128556698560715,0.01048770360648632,0.005358648020774126,2300,True
dramt_seed50,9,0.04353116452693939,0.044423654675483704,0.04373978078365326,0.011598939076066017,0.005948053207248449,2300,True
dramt_seed50,10,0.04587140306830406,0.04693780466914177,0.04614844545722008,0.012869360856711864,0.006491753738373518,2300,True
dramt_seed51,1,0.014289766550064087,0.01386623177677393,0.013836405239999294,0.0008785352692939341,0.0007494936580769718,2300,False
dramt_seed51,2,0.020739849656820297,0.020612254738807678,0.020535385236144066,0.0028493294958025217,0.00138772779610008,2300,False
dramt_seed51,3,0.02554059773683548,0.02542862668633461,0.025290384888648987,0.005265663843601942,0.0021548259537667036,2300,False
dramt_seed51,4,0.029620172455906868,0.029436659067869186,0.02925657480955124,0.0075506167486310005,0.002847495721653104,2300,False
dramt_seed51,5,0.03317980468273163,0.032922785729169846,0.03267541527748108,0.00980236753821373,0.0035679801367223263,2300,False
dramt_seed51,6,0.03640975430607796,0.03617163002490997,0.0358055979013443,0.011371935717761517,0.004151492845267057,2300,False
dramt_seed51,7,0.039430636912584305,0.039120111614465714,0.038658902049064636,0.012911692261695862,0.00470747472718358,2300,False
dramt_seed51,8,0.04211161285638809,0.04183616489171982,0.04128556698560715,0.014719748869538307,0.005358648020774126,2300,False
dramt_seed51,9,0.044626522809267044,0.044423654675483704,0.04373978078365326,0.015663476660847664,0.005948053207248449,2300,False
dramt_seed51,10,0.047008316963911057,0.04693780466914177,0.04614844545722008,0.01649833284318447,0.006491753738373518,2300,False
dramt_t,1,0.014105930924415588,0.01386623177677393,0.013836405239999294,0.0017138079274445772,0.0007494936580769718,2300,False
dramt_t,2,0.020563311874866486,0.020612254738807678,0.020535385236144066,0.003659806912764907,0.00138772779610008,2300,True
dramt_t,3,0.025346338748931885,0.02542862668633461,0.025290384888648987,0.005057211499661207,0.0021548259537667036,2300,True
dramt_t,4,0.02943386882543564,0.029436659067869186,0.02925657480955124,0.00643777335062623,0.002847495721653104,2300,True
dramt_t,5,0.032964907586574554,0.032922785729169846,0.03267541527748108,0.008373328484594822,0.0035679801367223263,2300,False
dramt_t,6,0.03609021380543709,0.03617163002490997,0.0358055979013443,0.008650668896734715,0.004151492845267057,2300,True
dramt_t,7,0.039058562368154526,0.039120111614465714,0.038658902049064636,0.010122368112206459,0.00470747472718358,2300,True
dramt_t,8,0.04165634140372276,0.04183616489171982,0.04128556698560715,0.011796730570495129,0.005358648020774126,2300,True
dramt_t,9,0.04413168504834175,0.044423654675483704,0.04373978078365326,0.013407022692263126,0.005948053207248449,2300,True
dramt_t,10,0.04654090479016304,0.04693780466914177,0.04614844545722008,0.014186416752636433,0.006491753738373518,2300,True
dramt_t_garch,1,0.014493935741484165,0.01386623177677393,0.013836405239999294,0.0038804220966994762,0.0007494936580769718,2300,False
dramt_t_garch,2,0.020834164693951607,0.020612254738807678,0.020535385236144066,0.004616114776581526,0.00138772779610008,2300,False
dramt_t_garch,3,0.025564245879650116,0.02542862668633461,0.025290384888648987,0.005377831868827343,0.0021548259537667036,2300,False
dramt_t_garch,4,0.029692091047763824,0.029436659067869186,0.02925657480955124,0.006746210157871246,0.002847495721653104,2300,False
dramt_t_garch,5,0.033151086419820786,0.032922785729169846,0.03267541527748108,0.007798132486641407,0.0035679801367223263,2300,False
dramt_t_garch,6,0.0362371951341629,0.03617163002490997,0.0358055979013443,0.007652313448488712,0.004151492845267057,2300,False
dramt_t_garch,7,0.039267782121896744,0.039120111614465714,0.038658902049064636,0.009029222652316093,0.00470747472718358,2300,False
dramt_t_garch,8,0.04210493341088295,0.04183616489171982,0.04128556698560715,0.01016058586537838,0.005358648020774126,2300,False
dramt_t_garch,9,0.04462646320462227,0.044423654675483704,0.04373978078365326,0.011524772271513939,0.005948053207248449,2300,False
dramt_t_garch,10,0.04727456346154213,0.04693780466914177,0.04614844545722008,0.012746692635118961,0.006491753738373518,2300,False
dramt_t_har,1,0.01457573939114809,0.01386623177677393,0.013836405239999294,0.0018749298760667443,0.0007494936580769718,2300,False
dramt_t_har,2,0.021444350481033325,0.020612254738807678,0.020535385236144066,0.002198339207097888,0.00138772779610008,2300,False
dramt_t_har,3,0.026468269526958466,0.02542862668633461,0.025290384888648987,0.002682774094864726,0.0021548259537667036,2300,False
dramt_t_har,4,0.031439825892448425,0.029436659067869186,0.02925657480955124,0.0022319627460092306,0.002847495721653104,2300,False
dramt_t_har,5,0.03528807312250137,0.032922785729169846,0.03267541527748108,0.002393591683357954,0.0035679801367223263,2300,False
dramt_t_har,6,0.03883924335241318,0.03617163002490997,0.0358055979013443,0.0026598218828439713,0.004151492845267057,2300,False
dramt_t_har,7,0.042354270815849304,0.039120111614465714,0.038658902049064636,0.002618006430566311,0.00470747472718358,2300,False
dramt_t_har,8,0.045181602239608765,0.04183616489171982,0.04128556698560715,0.003122120164334774,0.005358648020774126,2300,False
dramt_t_har,9,0.04801604896783829,0.044423654675483704,0.04373978078365326,0.004259096924215555,0.005948053207248449,2300,False
dramt_t_har,10,0.05080107972025871,0.04693780466914177,0.04614844545722008,0.004575914237648249,0.006491753738373518,2300,False
dramt_tg_ensemble,1,0.014021815732121468,0.01386623177677393,0.013836405239999294,0.001973519567400217,0.0007494936580769718,2300,False
dramt_tg_ensemble,2,0.02058669738471508,0.020612254738807678,0.020535385236144066,0.0030252747237682343,0.00138772779610008,2300,True
dramt_tg_ensemble,3,0.025426486507058144,0.02542862668633461,0.025290384888648987,0.0041090515442192554,0.0021548259537667036,2300,True
dramt_tg_ensemble,4,0.02945062331855297,0.029436659067869186,0.02925657480955124,0.005356828216463327,0.002847495721653104,2300,False
dramt_tg_ensemble,5,0.03296292945742607,0.032922785729169846,0.03267541527748108,0.0064736162312328815,0.0035679801367223263,2300,False
dramt_tg_ensemble,6,0.03619086742401123,0.03617163002490997,0.0358055979013443,0.007401441689580679,0.004151492845267057,2300,False
dramt_tg_ensemble,7,0.039142344146966934,0.039120111614465714,0.038658902049064636,0.008458626456558704,0.00470747472718358,2300,False
dramt_tg_ensemble,8,0.0417129248380661,0.04183616489171982,0.04128556698560715,0.009622232057154179,0.005358648020774126,2300,True
dramt_tg_ensemble,9,0.04409170523285866,0.044423654675483704,0.04373978078365326,0.010787058621644974,0.005948053207248449,2300,True
dramt_tg_ensemble,10,0.04647364094853401,0.04693780466914177,0.04614844545722008,0.011398469097912312,0.006491753738373518,2300,True
dramt_tg_seed42,1,0.014528374187648296,0.01386623177677393,0.013836405239999294,0.0020172379445284605,0.0007494936580769718,2300,False
dramt_tg_seed42,2,0.02088969387114048,0.020612254738807678,0.020535385236144066,0.0030326289124786854,0.00138772779610008,2300,False
dramt_tg_seed42,3,0.02580771967768669,0.02542862668633461,0.025290384888648987,0.0034874158445745707,0.0021548259537667036,2300,False
dramt_tg_seed42,4,0.029951022937893867,0.029436659067869186,0.02925657480955124,0.004553480539470911,0.002847495721653104,2300,False
dramt_tg_seed42,5,0.033638421446084976,0.032922785729169846,0.03267541527748108,0.005507221911102533,0.0035679801367223263,2300,False
dramt_tg_seed42,6,0.03686700388789177,0.03617163002490997,0.0358055979013443,0.005334862507879734,0.004151492845267057,2300,False
dramt_tg_seed42,7,0.039910219609737396,0.039120111614465714,0.038658902049064636,0.006610713433474302,0.00470747472718358,2300,False
dramt_tg_seed42,8,0.042495518922805786,0.04183616489171982,0.04128556698560715,0.007827050052583218,0.005358648020774126,2300,False
dramt_tg_seed42,9,0.04485344886779785,0.044423654675483704,0.04373978078365326,0.00931889284402132,0.005948053207248449,2300,False
dramt_tg_seed42,10,0.0475236251950264,0.04693780466914177,0.04614844545722008,0.010254434309899807,0.006491753738373518,2300,False
dramt_tg_seed43,1,0.014883440919220448,0.01386623177677393,0.013836405239999294,0.0027489138301461935,0.0007494936580769718,2300,False
dramt_tg_seed43,2,0.02122260071337223,0.020612254738807678,0.020535385236144066,0.004001317545771599,0.00138772779610008,2300,False
dramt_tg_seed43,3,0.026558956131339073,0.02542862668633461,0.025290384888648987,0.006366109941154718,0.0021548259537667036,2300,False
dramt_tg_seed43,4,0.03068627417087555,0.029436659067869186,0.02925657480955124,0.008349204435944557,0.002847495721653104,2300,False
dramt_tg_seed43,5,0.034035857766866684,0.032922785729169846,0.03267541527748108,0.008910177275538445,0.0035679801367223263,2300,False
dramt_tg_seed43,6,0.037380948662757874,0.03617163002490997,0.0358055979013443,0.010507265105843544,0.004151492845267057,2300,False
dramt_tg_seed43,7,0.040388450026512146,0.039120111614465714,0.038658902049064636,0.012338272295892239,0.00470747472718358,2300,False
dramt_tg_seed43,8,0.04296480491757393,0.04183616489171982,0.04128556698560715,0.013497339561581612,0.005358648020774126,2300,False
dramt_tg_seed43,9,0.0457204133272171,0.044423654675483704,0.04373978078365326,0.015243460424244404,0.005948053207248449,2300,False
dramt_tg_seed43,10,0.04808899387717247,0.04693780466914177,0.04614844545722008,0.016361894086003304,0.006491753738373518,2300,False
dramt_tg_seed44,1,0.01609818823635578,0.01386623177677393,0.013836405239999294,0.0015337003860622644,0.0007494936580769718,2300,False
dramt_tg_seed44,2,0.02246127650141716,0.020612254738807678,0.020535385236144066,0.002517273183912039,0.00138772779610008,2300,False
dramt_tg_seed44,3,0.02736317180097103,0.02542862668633461,0.025290384888648987,0.0032156186643987894,0.0021548259537667036,2300,False
dramt_tg_seed44,4,0.03158221021294594,0.029436659067869186,0.02925657480955124,0.003907184116542339,0.002847495721653104,2300,False
dramt_tg_seed44,5,0.035429973155260086,0.032922785729169846,0.03267541527748108,0.005016608629375696,0.0035679801367223263,2300,False
dramt_tg_seed44,6,0.03869164362549782,0.03617163002490997,0.0358055979013443,0.006004258990287781,0.004151492845267057,2300,False
dramt_tg_seed44,7,0.04235974699258804,0.039120111614465714,0.038658902049064636,0.00781547836959362,0.00470747472718358,2300,False
dramt_tg_seed44,8,0.04525664821267128,0.04183616489171982,0.04128556698560715,0.009597375988960266,0.005358648020774126,2300,False
dramt_tg_seed44,9,0.04762226343154907,0.044423654675483704,0.04373978078365326,0.010599415749311447,0.005948053207248449,2300,False
dramt_tg_seed44,10,0.05027599260210991,0.04693780466914177,0.04614844545722008,0.010467768646776676,0.006491753738373518,2300,False
dramt_tg_seed45,1,0.014744287356734276,0.01386623177677393,0.013836405239999294,0.0018720751395449042,0.0007494936580769718,2300,False
dramt_tg_seed45,2,0.021007878705859184,0.020612254738807678,0.020535385236144066,0.0027478442061692476,0.00138772779610008,2300,False
dramt_tg_seed45,3,0.025675781071186066,0.02542862668633461,0.025290384888648987,0.003542141290381551,0.0021548259537667036,2300,False
dramt_tg_seed45,4,0.029665792360901833,0.029436659067869186,0.02925657480955124,0.00452108308672905,0.002847495721653104,2300,False
dramt_tg_seed45,5,0.033128298819065094,0.032922785729169846,0.03267541527748108,0.00616949750110507,0.0035679801367223263,2300,False
dramt_tg_seed45,6,0.03623146563768387,0.03617163002490997,0.0358055979013443,0.007669119630008936,0.004151492845267057,2300,False
dramt_tg_seed45,7,0.039237216114997864,0.039120111614465714,0.038658902049064636,0.008237386122345924,0.00470747472718358,2300,False
dramt_tg_seed45,8,0.04192012920975685,0.04183616489171982,0.04128556698560715,0.009325018152594566,0.005358648020774126,2300,False
dramt_tg_seed45,9,0.04423484951257706,0.044423654675483704,0.04373978078365326,0.009828523732721806,0.005948053207248449,2300,True
dramt_tg_seed45,10,0.04663965478539467,0.04693780466914177,0.04614844545722008,0.010530798695981503,0.006491753738373518,2300,True
dramt_tg_seed46,1,0.01447989046573639,0.01386623177677393,0.013836405239999294,0.000746492063626647,0.0007494936580769718,2300,False
dramt_tg_seed46,2,0.021107055246829987,0.020612254738807678,0.020535385236144066,0.0017861484084278345,0.00138772779610008,2300,False
dramt_tg_seed46,3,0.026339290663599968,0.02542862668633461,0.025290384888648987,0.003050516126677394,0.0021548259537667036,2300,False
dramt_tg_seed46,4,0.030775120481848717,0.029436659067869186,0.02925657480955124,0.0043273004703223705,0.002847495721653104,2300,False
dramt_tg_seed46,5,0.034550633281469345,0.032922785729169846,0.03267541527748108,0.005601703189313412,0.0035679801367223263,2300,False
dramt_tg_seed46,6,0.038537923246622086,0.03617163002490997,0.0358055979013443,0.0066591305658221245,0.004151492845267057,2300,False
dramt_tg_seed46,7,0.041707251220941544,0.039120111614465714,0.038658902049064636,0.0074803270399570465,0.00470747472718358,2300,False
dramt_tg_seed46,8,0.0446932278573513,0.04183616489171982,0.04128556698560715,0.008599884808063507,0.005358648020774126,2300,False
dramt_tg_seed46,9,0.04696497693657875,0.044423654675483704,0.04373978078365326,0.010173484683036804,0.005948053207248449,2300,False
dramt_tg_seed46,10,0.049238499253988266,0.04693780466914177,0.04614844545722008,0.0106945326551795,0.006491753738373518,2300,False
dramt_tg_seed47,1,0.01429627276957035,0.01386623177677393,0.013836405239999294,0.0027952161617577076,0.0007494936580769718,2300,False
dramt_tg_seed47,2,0.020658306777477264,0.020612254738807678,0.020535385236144066,0.003771114395931363,0.00138772779610008,2300,False
dramt_tg_seed47,3,0.025443969294428825,0.02542862668633461,0.025290384888648987,0.004443071316927671,0.0021548259537667036,2300,False
dramt_tg_seed47,4,0.029402300715446472,0.029436659067869186,0.02925657480955124,0.005718804895877838,0.002847495721653104,2300,True
dramt_tg_seed47,5,0.03270244225859642,0.032922785729169846,0.03267541527748108,0.00713359983637929,0.0035679801367223263,2300,True
dramt_tg_seed47,6,0.03584569692611694,0.03617163002490997,0.0358055979013443,0.0076200105249881744,0.004151492845267057,2300,True
dramt_tg_seed47,7,0.03858515992760658,0.039120111614465714,0.038658902049064636,0.008814171887934208,0.00470747472718358,2300,True
dramt_tg_seed47,8,0.04110722616314888,0.04183616489171982,0.04128556698560715,0.009583938866853714,0.005358648020774126,2300,True
dramt_tg_seed47,9,0.04360349848866463,0.044423654675483704,0.04373978078365326,0.011068888939917088,0.005948053207248449,2300,True
dramt_tg_seed47,10,0.04594578593969345,0.04693780466914177,0.04614844545722008,0.011586368083953857,0.006491753738373518,2300,True
dramt_tg_seed48,1,0.014247418381273746,0.01386623177677393,0.013836405239999294,0.0015207018004730344,0.0007494936580769718,2300,False
dramt_tg_seed48,2,0.020819423720240593,0.020612254738807678,0.020535385236144066,0.0022867489606142044,0.00138772779610008,2300,False
dramt_tg_seed48,3,0.02579108066856861,0.02542862668633461,0.025290384888648987,0.003216666402295232,0.0021548259537667036,2300,False
dramt_tg_seed48,4,0.030086882412433624,0.029436659067869186,0.02925657480955124,0.004435206763446331,0.002847495721653104,2300,False
dramt_tg_seed48,5,0.03385908529162407,0.032922785729169846,0.03267541527748108,0.005982781760394573,0.0035679801367223263,2300,False
dramt_tg_seed48,6,0.03818126395344734,0.03617163002490997,0.0358055979013443,0.006953377742320299,0.004151492845267057,2300,False
dramt_tg_seed48,7,0.04208928719162941,0.039120111614465714,0.038658902049064636,0.007253802847117186,0.00470747472718358,2300,False
dramt_tg_seed48,8,0.04420751333236694,0.04183616489171982,0.04128556698560715,0.008344809524714947,0.005358648020774126,2300,False
dramt_tg_seed48,9,0.04634746536612511,0.044423654675483704,0.04373978078365326,0.009693976491689682,0.005948053207248449,2300,False
dramt_tg_seed48,10,0.048837386071681976,0.04693780466914177,0.04614844545722008,0.010206703096628189,0.006491753738373518,2300,False
dramt_tg_seed49,1,0.014268182218074799,0.01386623177677393,0.013836405239999294,0.0020695216953754425,0.0007494936580769718,2300,False
dramt_tg_seed49,2,0.020880918949842453,0.020612254738807678,0.020535385236144066,0.0035287600476294756,0.00138772779610008,2300,False
dramt_tg_seed49,3,0.025783462449908257,0.02542862668633461,0.025290384888648987,0.0045403107069432735,0.0021548259537667036,2300,False
dramt_tg_seed49,4,0.02995794452726841,0.029436659067869186,0.02925657480955124,0.005978916771709919,0.002847495721653104,2300,False
dramt_tg_seed49,5,0.03358699753880501,0.032922785729169846,0.03267541527748108,0.0069194757379591465,0.0035679801367223263,2300,False
dramt_tg_seed49,6,0.03689201548695564,0.03617163002490997,0.0358055979013443,0.008346529677510262,0.004151492845267057,2300,False
dramt_tg_seed49,7,0.04012097045779228,0.039120111614465714,0.038658902049064636,0.009268590249121189,0.00470747472718358,2300,False
dramt_tg_seed49,8,0.04319608584046364,0.04183616489171982,0.04128556698560715,0.01035425253212452,0.005358648020774126,2300,False
dramt_tg_seed49,9,0.04549121484160423,0.044423654675483704,0.04373978078365326,0.01041976734995842,0.005948053207248449,2300,False
dramt_tg_seed49,10,0.04789084941148758,0.04693780466914177,0.04614844545722008,0.011183761060237885,0.006491753738373518,2300,False
dramt_tg_seed50,1,0.014226976782083511,0.01386623177677393,0.013836405239999294,0.003635157598182559,0.0007494936580769718,2300,False
dramt_tg_seed50,2,0.02065097726881504,0.020612254738807678,0.020535385236144066,0.004720098339021206,0.00138772779610008,2300,False
dramt_tg_seed50,3,0.025461643934249878,0.02542862668633461,0.025290384888648987,0.006396908778697252,0.0021548259537667036,2300,False
dramt_tg_seed50,4,0.029430638998746872,0.029436659067869186,0.02925657480955124,0.007472454570233822,0.002847495721653104,2300,True
dramt_tg_seed50,5,0.03289228305220604,0.032922785729169846,0.03267541527748108,0.007823575288057327,0.0035679801367223263,2300,True
dramt_tg_seed50,6,0.03600205481052399,0.03617163002490997,0.0358055979013443,0.00865957047790289,0.004151492845267057,2300,True
dramt_tg_seed50,7,0.038845259696245193,0.039120111614465714,0.038658902049064636,0.0092918137088418,0.00470747472718358,2300,True
dramt_tg_seed50,8,0.04144697263836861,0.04183616489171982,0.04128556698560715,0.010232311673462391,0.005358648020774126,2300,True
dramt_tg_seed50,9,0.04415123164653778,0.044423654675483704,0.04373978078365326,0.011741646565496922,0.005948053207248449,2300,True
dramt_tg_seed50,10,0.046572405844926834,0.04693780466914177,0.04614844545722008,0.012186103500425816,0.006491753738373518,2300,True
dramt_tg_seed51,1,0.014076614752411842,0.01386623177677393,0.013836405239999294,0.0007961770752444863,0.0007494936580769718,2300,False
dramt_tg_seed51,2,0.020716063678264618,0.020612254738807678,0.020535385236144066,0.0018608145182952285,0.00138772779610008,2300,False
dramt_tg_seed51,3,0.025526028126478195,0.02542862668633461,0.025290384888648987,0.0028317542746663094,0.0021548259537667036,2300,False
dramt_tg_seed51,4,0.02964683249592781,0.029436659067869186,0.02925657480955124,0.004304651636630297,0.002847495721653104,2300,False
dramt_tg_seed51,5,0.03337780013680458,0.032922785729169846,0.03267541527748108,0.0056715235114097595,0.0035679801367223263,2300,False
dramt_tg_seed51,6,0.03649736940860748,0.03617163002490997,0.0358055979013443,0.006260295398533344,0.004151492845267057,2300,False
dramt_tg_seed51,7,0.03949778527021408,0.039120111614465714,0.038658902049064636,0.0074757118709385395,0.00470747472718358,2300,False
dramt_tg_seed51,8,0.04211897775530815,0.04183616489171982,0.04128556698560715,0.00886034220457077,0.005358648020774126,2300,False
dramt_tg_seed51,9,0.044619351625442505,0.044423654675483704,0.04373978078365326,0.009782523848116398,0.005948053207248449,2300,False
dramt_tg_seed51,10,0.04694913700222969,0.04693780466914177,0.04614844545722008,0.01051232498139143,0.006491753738373518,2300,False
